,show_id,type,Tituto_movie,director,cast,country,date_added,release_year,rating,Duration_movie,listed_in,description,new_col,number
147,s148,Movie,A Babysitter's Guide to Monster Hunting,Rachel Talalay,"Tamara Smart, Oona Laurence, Tom Felton, Troy Leigh-Anne Johnson, Lynn Masako Cheng, Ty Consiglio, Ian Ho, Indya Moore, Alessio Scalzotto, Tamsen McDonough",United States,"October 15, 2020",2020,TV-PG,99 min,Children & Family Movies,"Recruited by a secret society of babysitters, a high schooler battles the Boogeyman and his monsters when they nab the boy she's watching on Halloween.",147,3
154,s155,Movie,A California Christmas,Shaun Paul Piccinino,"Lauren Swickard, Josh Swickard, Ali Afshar, David Del Rio, Natalia Mann, Katelyn Epperly, Gunnar Anderson, Julie Lancaster, Amanda Detmer",United States,"December 14, 2020",2020,PG-13,107 min,"Comedies, Romantic Movies","With his carefree lifestyle on the line, a wealthy charmer poses as a ranch hand to get a hardworking farmer to sell her family’s land before Christmas.",154,2
168,s169,Movie,A Fall from Grace,Tyler Perry,"Crystal Fox, Phylicia Rashad, Cicely Tyson, Bresha Webb, Mehcad Brooks, Adrian Pasdar, Tyler Perry",United States,"January 17, 2020",2020,TV-MA,121 min,"Dramas, Thrillers","When gentle, law-abiding Grace confesses to killing her new husband, her skeptical young lawyer sets out to uncover the truth. A film by Tyler Perry.",168,3
177,s178,Movie,A Go! Go! Cory Carson Christmas,"Stanley Moore, Alex Woo","Alan C. Lim, Taron C. Hensley, Maisie Benson, Kerry Gudjohnsen, Paul Killam, Smith Foreman, Ann Kendrick, Ella Joy Ballesteros, Neena-Sinaii Simpo, Eli Morse",United States,"November 27, 2020",2020,TV-Y,22 min,Children & Family Movies,"When a familiar-looking stranger crashes in without a memory, Cory helps him remember the magic of Christmas to save the holiday for everyone.",177,1
200,s201,Movie,A Love Song for Latasha,Sophia Nahli Allison,,United States,"September 21, 2020",2020,TV-PG,20 min,Documentaries,The killing of Latasha Harlins became a flashpoint for the 1992 LA uprising. This documentary evocatively explores the 15-year-old's life and dreams.,200,8
209,s210,Movie,A New York Christmas Wedding,Otoja Abit,"Nia Fairweather, Chris Noth, Cooper Koch, Tyra Ferrell, Denny Dillon, Adriana DeMeo, Otoja Abit, David Anzuelo, Camilla Harden, Natasha Goodman, Avery Whitted, Tony D. Head, Joe Perrino",United States,"November 5, 2020",2020,TV-MA,90 min,"Dramas, LGBTQ Movies, Romantic Movies","As her wedding nears, a bride-to-be is visited by an angel who reveals what could have been if she'd followed feelings for her childhood best friend.",209,3
223,s224,Movie,A Secret Love,Chris Bolan,,United States,"April 29, 2020",2020,TV-14,83 min,"Documentaries, LGBTQ Movies","Amid shifting times, two women kept their decades-long love a secret. But coming out later in life comes with its own set of challenges.",223,4
329,s330,Movie,After We Collided,Roger Kumble,"Josephine Langford, Hero Fiennes Tiffin, Dylan Sprouse, Selma Blair, Louise Lombard, Shane Paul McGhie, Candice King, Charlie Weber, Khadijha Red Thunder, Inanna Sarkis, Pia Mia, Samuel Larsen, Dylan Arnold, Karimah Westbrook, Rob Estes",United States,"December 22, 2020",2020,R,105 min,"Dramas, Romantic Movies","Tessa fell hard and fast for Hardin, but after a betrayal tears them apart, she must decide whether to move on — or trust him with a second chance.",329,9
352,s353,Movie,Airplane Mode,César Rodrigues,"Larissa Manoela, André Luiz Frambach, Erasmo Carlos, Mariana Amâncio, Amanda Orestes, Eike Duarte, Nayobe Nzainab, Katiuscia Canoro, Phellyx Moura, Dani Ornellas, Michel Bercovitch, Sílvia Lourenço",United States,"January 23, 2020",2020,TV-PG,97 min,"Comedies, International Movies, Romantic Movies","When Ana, an influencer, crashes her car while talking on the phone, she’s shipped to her grumpy grandfather's farm – and forced into a digital detox.",352,4
399,s400,Movie,Alien Xmas,Stephen Chiodo,"Keythe Farley, Dee Bradley Baker, Kaliayh Rhambo, Michelle Deco, Barbara Goodson",United States,"November 20, 2020",2020,TV-Y,42 min,Children & Family Movies,"A young elf mistakes a tiny alien for a Christmas gift, not knowing her new plaything has plans to destroy Earth's gravity — and steal all the presents.",399,3
407,s408,Movie,All Day and a Night,Joe Robert Cole,"Jeffrey Wright, Ashton Sanders, Regina Taylor, Yahya Abdul-Mateen II, Isaiah John, Kelly Jenrette, Shakira Ja-nai Paye",United States,"May 1, 2020",2020,R,122 min,"Dramas, Independent Movies","While serving life in prison, a young man looks back at the people, the circumstances and the system that set him on the path toward his crime.",407,3
418,s419,Movie,All The Bright Places,Brett Haley,"Elle Fanning, Justice Smith, Luke Wilson, Keegan-Michael Key, Alexandra Shipp, Lamar Johnson, Virginia Gardner, Kelli O'Hara, Felix Mallard, Sofia Hasmik",United States,"February 28, 2020",2020,TV-MA,109 min,"Dramas, Romantic Movies",Two teens facing personal struggles form a powerful bond as they embark on a cathartic journey chronicling the wonders of Indiana.,418,1
422,s423,Movie,All Together Now,Brett Haley,"Auli'i Cravalho, Justina Machado, Rhenzy Feliz, Fred Armisen, Carol Burnett, Judy Reyes, Taylor Richardson, C.S. Lee, Anthony Jacques",United States,"August 29, 2020",2020,PG,94 min,Dramas,"An optimistic, talented teen clings to a huge secret: She's homeless and living on a bus. When tragedy strikes, can she learn to accept a helping hand?",422,7
427,s428,Movie,Almost Love,Mike Doyle,"Scott Evans, Augustus Prew, Kate Walsh, Michelle Buteau, Zoë Chao, Patricia Clarkson, Colin Donnell, Christopher Gray",United States,"August 2, 2020",2020,TV-MA,92 min,"Comedies, Dramas, Independent Movies",A close crew of striving New Yorkers experiences both joy and heartache in their romantic and professional lives.,427,6
470,s471,Movie,American Murder: The Family Next Door,Jenny Popplewell,,United States,"September 30, 2020",2020,TV-MA,84 min,Documentaries,"Using raw, firsthand footage, this documentary examines the disappearance of Shanann Watts and her children, and the terrible events that followed.",470,7
472,s473,Movie,American Pie 9: Girls' Rules,Mike Elliott,"Madison Pettis, Lizze Broadway, Piper Curda, Natasha Behnam, Darren Barnet, Sara Rue, Zachary Gordon, Camaron Engels, Christian Valderrama, Zayne Emory",United States,"October 6, 2020",2020,R,96 min,Comedies,Four tight-knit high school seniors vow to turn their love lives around by homecoming when the arrival of a new student muddles their plans.,472,8
520,s521,Movie,Angela's Christmas Wish,Damien O’Connor,"Lucy O'Connell, Brendan Mullins, Ruth Negga, Lola Metcalfe, Jared Harris, Moe Dunford, Oscar Butler, Shona Hamill, Pat Kinevane, Janet Moran, Anya O'Connor",United States,"December 1, 2020",2020,TV-Y,48 min,Children & Family Movies,"With her father working far away in Australia, a determined Angela makes a plan — and a heartfelt wish — to reunite her family in time for the holidays.",520,6
579,s580,Movie,"Ariana grande: excuse me, i love you",Paul Dugdale,Ariana Grande,United States,"December 21, 2020",2020,TV-MA,98 min,"Documentaries, Music & Musicals",Ariana Grande takes the stage in London for her Sweetener World Tour and shares a behind-the-scenes look at her life in rehearsal and on the road.,579,3
611,s612,Movie,Athlete A,"Bonni Cohen, Jon Shenk",,United States,"June 24, 2020",2020,PG-13,104 min,"Documentaries, Sports Movies",This documentary focuses on the gymnasts who survived USA Gymnastics doctor Larry Nassar's abuse and the reporters who exposed USAG's toxic culture.,611,1
631,s632,Movie,Ava,Tate Taylor,"Jessica Chastain, Colin Farrell, John Malkovich, Common, Geena Davis, Jess Weixler, Diana Silvers, Joan Chen, Ioan Gruffudd",United States,"December 7, 2020",2020,R,97 min,"Action & Adventure, Dramas",An elite assassin wrestling with doubts about her work scrambles to protect herself — and her estranged family — after a hit goes dangerously wrong.,631,5
714,s715,Movie,Banana Split,Ben Kasulke,"Hannah Marks, Liana Liberato, Dylan Sprouse, Luke Spencer Roberts, Jessica Hecht, Addison Riecke, Meagan Kimberly Smith, Haley Ramm",United States,"July 26, 2020",2020,TV-MA,84 min,"Comedies, Dramas, Independent Movies","Despite leaving for college, a heartsick teen tries to build a new friendship with a kindred spirit even though she's dating her ex-boyfriend.",714,6
741,s742,Movie,Barbie Princess Adventure,Conrad Helten,"America Young, Erica Lindbeck, Ritesh Rajan, Dave Fennoy, Stephanie Sheh, Cristina Milizia, Desirae Whitfield, Emma Galvin, Angelo Restaino, Eamon Brennan, Ogie Banks",United States,"September 1, 2020",2020,TV-Y,72 min,"Children & Family Movies, Music & Musicals","Through music and magic, Barbie learns what it's like to be a modern princess when she trades places with a royal lookalike.",741,9
799,s800,Movie,Becoming,Nadia Hallgren,Michelle Obama,United States,"May 6, 2020",2020,PG,89 min,Documentaries,"Join former first lady Michelle Obama in an intimate documentary looking at her life, hopes and connection with others as she tours with ""Becoming.""",799,4
830,s831,Movie,Ben Platt Live from Radio City Music Hall,"Alex Timbers, Sam Wrench",Ben Platt,United States,"May 20, 2020",2020,TV-PG,85 min,Music & Musicals,"Backed by a full band and a ready wit, actor Ben Platt opens up a very personal songbook onstage —numbers from his debut LP, ""Sing to Me Instead.”",830,5
846,s847,Movie,Bert Kreischer: Hey Big Boy,Jeff Tomsic,Bert Kreischer,United States,"March 17, 2020",2020,TV-MA,62 min,Stand-Up Comedy,"Ever the stand-up party animal, comic Bert Kreischer riffs on parenting and family life, being a gun and pet owner, his dad discovering pot, and more.",846,3
968,s969,Movie,BLACKPINK: Light Up the Sky,Caroline Suh,Blackpink,United States,"October 14, 2020",2020,TV-14,80 min,"Documentaries, Music & Musicals",Record-shattering Korean girl band BLACKPINK tell their story — and detail the hard-fought journey of the dreams and trials behind their meteoric rise.,968,3
1015,s1016,Movie,Bobbleheads The Movie,Kirk Wise,"Jennifer Coolidge, Karen Fukuhara, Khary Payton, Julian Sands, Brenda Song, Luke Wilson, Cher",United States,"December 8, 2020",2020,PG,83 min,"Children & Family Movies, Comedies",A team of bobbleheads band together to defend their collector’s home when uninvited relatives barge in looking to steal from his prized collection.,1015,8
1135,s1136,Movie,Bulletproof 2,Don Michael Paul,"Faizon Love, Kirk Fox, Tony Todd, Pearl Thusi, Cassie Clare, Fiona Ramsey, Neels Clasen, Roxy Nel",United States,"January 9, 2020",2020,TV-MA,97 min,"Action & Adventure, Comedies",A special agent abruptly reunites with a criminal – once a former friend – when he attempts to use his identity to infiltrate and take down a cartel.,1135,8
1203,s1204,Movie,Canvas,Frank E. Abney III,,United States,"December 11, 2020",2020,G,9 min,"Children & Family Movies, Dramas","After a heartbreaking loss, a grandfather struggling to reclaim his passion for painting finds the inspiration to create again.",1203,5
1206,s1207,Movie,Captain Underpants Epic Choice-o-Rama,,"Nat Faxon, Jay Gragnani, Ramone Hamilton, Sean Astin, Dayci Brookshire, Jorge Diaz, Todd Grimes, Peter Hastings, Evan Kishiyama, David Koechner, Phil LaMarr, Erica Luttrell, Patty Mattson, Brennan Murray, Nolan North",United States,"February 11, 2020",2020,TV-Y7,81 min,"Children & Family Movies, Comedies","In this interactive special, Harold and George need your decision-making skills to stop Krupp from blowing their beloved treehouse to smithereens.",1206,2
1207,s1208,Movie,Captain Underpants Mega Blissmas,"Erik Kling, Kevin Peaty","Nat Faxon, Jay Gragnani, Ramone Hamilton, Sean Astin, Dayci Brookshire, Jim Cummings, Jorge Diaz",United States,"December 4, 2020",2020,TV-Y7,46 min,"Children & Family Movies, Comedies",Christmas gets weird — really weird — after George and Harold go back in time to change up a few of their beloved holiday's traditions.,1207,9
1354,s1355,Movie,Chris D'Elia: No Pain,Matt D'Elia,Chris D'Elia,United States,"April 14, 2020",2020,TV-MA,55 min,Stand-Up Comedy,Chris D'Elia takes the stage in Minneapolis to offer his thoughts on everything from self-censorship to problematic dolphins to lame mutant powers.,1354,7
1395,s1396,Movie,Circus of Books,Rachel Mason,,United States,"April 22, 2020",2020,TV-MA,87 min,"Documentaries, LGBTQ Movies","For decades, a nice Jewish couple ran Circus of Books, a porn shop and epicenter for gay LA. Their director daughter documents their life and times.",1395,8
1450,s1451,Movie,Coffee & Kareem,Michael Dowse,"Ed Helms, Taraji P. Henson, Terrence Little Gardenhigh, Betty Gilpin",United States,"April 3, 2020",2020,TV-MA,88 min,"Action & Adventure, Comedies",An inept Detroit cop must team up with his girlfriend's foul-mouthed young son when their first crack at bonding time uncovers a criminal conspiracy.,1450,4
1501,s1502,Movie,Cops and Robbers,"Arnon Manor, Timothy Ware-Hill",Timothy Ware-Hill,United States,"December 28, 2020",2020,PG-13,8 min,Dramas,Animation and activism unite in this multimedia spoken-word response to police brutality and racial injustice.,1501,3
1514,s1515,Movie,"Crack: Cocaine, Corruption & Conspiracy",Stanley Nelson,,United States,"January 11, 2021",2021,TV-MA,90 min,Documentaries,"A cheap, powerful drug emerges during a recession, igniting a moral panic fueled by racism. Explore the complex history of crack in the 1980s.",1514,2
1542,s1543,Movie,Crip Camp: A Disability Revolution,,,United States,"March 25, 2020",2020,R,108 min,Documentaries,"A groundbreaking summer camp galvanizes a group of teens with disabilities to help build a movement, forging a new path toward greater equality.",1542,4
1569,s1570,Movie,Da 5 Bloods,Spike Lee,"Delroy Lindo, Jonathan Majors, Clarke Peters, Norm Lewis, Isiah Whitlock Jr., Mélanie Thierry, Paul Walter Hauser, Jasper Pääkkönen, Johnny Nguyen, Chadwick Boseman",United States,"June 12, 2020",2020,R,156 min,"Action & Adventure, Dramas",Four African American veterans return to Vietnam decades after the war to find their squad leader's remains — and a stash of buried gold. From Spike Lee.,1569,9
1589,s1590,Movie,Dance Dreams: Hot Chocolate Nutcracker,Oliver Bokelberg,Debbie Allen,United States,"November 27, 2020",2020,TV-G,81 min,"Children & Family Movies, Documentaries","This documentary spotlights Debbie Allen's career and follows her group of dance students as they prepare for Allen's annual ""Hot Chocolate Nutcracker.""",1589,2
1598,s1599,Movie,Dangerous Lies,Michael M. Scott,"Camila Mendes, Jessie T. Usher, Jamie Chung, Cam Gigandet, Sasha Alexander, Elliott Gould",United States,"April 30, 2020",2020,TV-14,97 min,Thrillers,"A broke caregiver unexpectedly inherits her patient's estate, but dark secrets swirl around her newfound wealth, tangling her in deceit and danger.",1598,5
1632,s1633,Movie,Dave Chappelle: The Kennedy Center Mark Twain Prize for American Humor,,,United States,"March 31, 2020",2020,TV-MA,85 min,Stand-Up Comedy,"Dave Chappelle is awarded the prestigious Mark Twain Prize for American Humor in a star-studded ceremony from the Kennedy Center in Washington, D.C.",1632,3
1675,s1676,Movie,Death to 2020,"Al Campbell, Alice Mathias","Samuel L. Jackson, Hugh Grant, Lisa Kudrow, Kumail Nanjiani, Tracey Ullman, Samson Kayo, Leslie Jones, Diane Morgan, Cristin Milioti, Joe Keery",United States,"December 27, 2020",2020,TV-MA,71 min,Comedies,"As the year we all want to end finally does, take a look back at 2020's mad glory in this comedic retrospective from the creators of ""Black Mirror.""",1675,9
1716,s1717,Movie,Desperados,LP,"Nasim Pedrad, Anna Camp, Lamorne Morris, Heather Graham, Robbie Amell, Sarah Burns, Jessica Chaffin",United States,"July 3, 2020",2020,TV-MA,107 min,"Comedies, Romantic Movies","After drunkenly sending a cringeworthy email, hopeless romantic Wes heads to Mexico with her best friends to erase the note before her new love reads it.",1716,2
1750,s1751,Movie,Dick Johnson Is Dead,Kirsten Johnson,,United States,"October 2, 2020",2020,PG-13,90 min,Documentaries,"As her father nears the end of his life, filmmaker Kirsten Johnson stages his death in inventive and comical ways to help them both face the inevitable.",1750,9
1776,s1777,Movie,Disclosure,,,United States,"June 19, 2020",2020,TV-MA,108 min,"Documentaries, LGBTQ Movies","In this documentary, leading trans creatives and thinkers share heartfelt perspectives and analysis about Hollywood's impact on the trans community.",1776,4
1803,s1804,Movie,Dolly Parton’s Christmas on the Square,Debbie Allen,"Dolly Parton, Christine Baranski, Treat Williams, Jenifer Lewis, Josh Segarra, Jeanine Mason, Mary Lane Haskell",United States,"November 22, 2020",2020,TV-PG,99 min,"Children & Family Movies, Music & Musicals","Seasonal cheer comes to a screeching halt when a cold-hearted woman tries to sell her hometown's land. Can music, magic and memories change her mind?",1803,6
1853,s1854,Movie,Dragonheart: Vengeance,Ivan Silvestrini,"Joseph Millson, Jack Kane, Helena Bonham Carter, Arturo Muselli, Carolina Carlsson, Tam Williams, Richard Ashton, Ross O'Hennessy, Cameron Jack, Fabienne Piolini-Castle",United States,"February 4, 2020",2020,PG-13,97 min,"Action & Adventure, Sci-Fi & Fantasy","When his family is slain by vicious savages, a young farmer teams with an ice-breathing dragon and sword-wielding mercenary to avenge their deaths.",1853,1
1858,s1859,Movie,Dragons: Rescue Riders: Hunt for the Golden Dragon,"TJ Sullivan, Greg Rankin","Noah Kaye Bentley, Brennley Brown, Zach Callison, Nicolas Cantu, Skai Jackson, Marsai Martin, Andre Robinson, Carlos Alazraqui, Jeff Bennett, Grey Griffin, Mary Elizabeth McGlynn",United States,"March 27, 2020",2020,TV-Y,46 min,"Children & Family Movies, Comedies","It's the treasure hunt of a lifetime for the Rescue Riders, who must race to find a precious golden dragon egg and protect it from evil pirates.",1858,7
1859,s1860,Movie,Dragons: Rescue Riders: Huttsgalor Holiday,"Greg Rankin, TJ Sullivan","Noah Kaye Bentley, Brennley Brown, Zach Callison, Nicolas Cantu, Skai Jackson, Marsai Martin, Andre Robinson, Carlos Alazraqui, Roshon Fegan, Grey Griffin, Brad Grusnick, Sam Lavagnino, John C. McGinley, Roger Craig Smith",United States,"November 24, 2020",2020,TV-Y,46 min,"Children & Family Movies, Comedies",Snowfall marks the start of Odinyule — the Viking holiday of giving! But crazy weather might cancel the tradition unless the Rescue Riders can swoop in.,1859,7
1860,s1861,Movie,Dragons: Rescue Riders: Secrets of the Songwing,"Greg Rankin, TJ Sullivan","Noah Kaye Bentley, Brennley Brown, Zach Callison, Nicolas Cantu, Skai Jackson, Marsai Martin, Andre Robinson, Carlos Alazraqui, Renée Elise Goldsberry",United States,"July 24, 2020",2020,TV-Y,46 min,"Children & Family Movies, Comedies","When a musical dragon with a beautiful voice hypnotizes the dragons and people of Huttsgalor, the Rescue Riders have to find a way to break the spell.",1860,8
1974,s1975,Movie,Elf Pets: A Fox Cub’s Christmas Tale,Chanda Bell,"Leslie Bellair, Brad Hyland, Brody Rose, Carol Aebersold",United States,"November 1, 2020",2020,TV-Y,28 min,Children & Family Movies,An elite team of elves – and their furry fox cub friends – help bring the Christmas spirit to a boy whose mom may not make it home for the holidays.,1974,6
1975,s1976,Movie,Elf Pets: Santa’s Reindeer Rescue,Chanda Bell,"Brad Hyland, Drew Barber, Ashley Roberts, Lowrey Brown, Kristyl Tift, Manny Mahen, Olivia Berkeley, Eleanor Rocha",United States,"November 1, 2020",2020,TV-Y,27 min,Children & Family Movies,"Determined to help Santa get ready for his merry rounds of gift-giving, a team of special elves wrangles in more reindeer and much-needed holiday magic.",1975,2
2021,s2022,Movie,Eric Andre: Legalize Everything,Eric Notarnicola,Eric André,United States,"June 23, 2020",2020,TV-MA,52 min,Stand-Up Comedy,"Eric Andre takes the stage in New Orleans and tackles flawed fast-food icons, the wonders of autofill and the bizarre choice for the ""Cops"" theme song.",2021,3
2036,s2037,Movie,Eurovision Song Contest: The Story of Fire Saga,David Dobkin,"Will Ferrell, Rachel McAdams, Dan Stevens, Melissanthi Mahut, Mikael Persbrandt, Ólafur Darri Ólafsson, Graham Norton, Demi Lovato, Pierce Brosnan",United States,"June 26, 2020",2020,PG-13,124 min,"Comedies, Music & Musicals, Romantic Movies","Two small-town singers chase their pop star dreams at a global music competition, where high stakes, scheming rivals and onstage mishaps test their bond.",2036,6
2071,s2072,Movie,Extraction,Sam Hargrave,"Chris Hemsworth, Rudhraksh Jaiswal, Randeep Hooda, Golshifteh Farahani, Pankaj Tripathi, David Harbour",United States,"April 24, 2020",2020,R,117 min,Action & Adventure,A hardened mercenary's mission becomes a soul-searching race to survive when he's sent into Bangladesh to rescue a drug lord's kidnapped son.,2071,3
2122,s2123,Movie,Fat Ballerina - David A. Arnold,Milton Horowitz,David A. Arnold,United States,"March 2, 2020",2020,TV-MA,61 min,Stand-Up Comedy,"Finally comfortable in his skin, seasoned comic David A. Arnold shares his talent for doing nothing, how he's petty and why divorce saves marriages.",2122,4
2123,s2124,Movie,Fatal Affair,Peter Sullivan,"Nia Long, Omar Epps, Stephen Bishop, Maya Stojan, Aubrey Cleland, Carolyn Hennesy",United States,"July 16, 2020",2020,TV-14,90 min,Thrillers,A lawyer is caught in a terrifying game of cat and mouse when a drink with an old friend escalates into an obsession that jeopardizes everyone she loves.,2123,6
2132,s2133,Movie,Father Soldier Son,"Leslye Davis, Catrin Einhorn",,United States,"July 17, 2020",2020,R,100 min,Documentaries,"After a single father is severely wounded in Afghanistan, he and his sons embark on a journey of sacrifice and a search for redemption.",2132,4
2141,s2142,Movie,Feel the Beat,Elissa Down,"Sofia Carson, Wolfgang Novogratz, Donna Lynne Champlin, Eva Hauge, Rex Lee, Brandon Kyle Goodman, Lidya Jewett, Sadie Lapidus, Johanna Colón, Shaylee Mansfield, Shiloh Nelson, Justin Allan, Carina Battrick, Kai Zen, Marissa Jaret Winokur, Enrico Colantoni, Dennis Andres",United States,"June 19, 2020",2020,TV-G,110 min,"Children & Family Movies, Comedies, Dramas","After blowing a Broadway audition, a self-centered dancer reluctantly returns home and agrees to coach a squad of young misfits for a big competition.",2141,1
2247,s2248,Movie,Fortune Feimster: Sweet & Salty,Krysia Plonka,Fortune Feimster,United States,"January 21, 2020",2020,TV-MA,61 min,Stand-Up Comedy,"Actor, comedian and writer Fortune Feimster takes the stage and riffs on her southern roots, sexual awakenings, showbiz career and more.",2247,4
2310,s2311,Movie,Full Out 2: You Got This!,Jeff Deverett,"Sydney Cope, Logan Edra, Liza Wilk, Braedyn Bruner, Billie Merritt",United States,"January 1, 2021",2020,TV-Y,91 min,"Children & Family Movies, Dramas, Sports Movies","With a championship on the line, Chayse and her gymnastics team look to a local break-dancer for all the right moves to rise above their competition.",2310,8
2377,s2378,Movie,George Lopez: We'll Do It For Half,Troy Miller,George Lopez,United States,"June 30, 2020",2020,TV-MA,52 min,Stand-Up Comedy,"Comedian George Lopez tackles the future and the past of Latinx culture in America, touching on immigration, his tough relatives, aging and much more.",2377,3
2434,s2435,Movie,Giving Voice,"James D. Stern, Fernando Villena","Viola Davis, Denzel Washington, Stephen Henderson, Freedom Martin, Nia Sarfo, Cody Merridith, Gerardo Navarro, Aaron Guy, Callie Holley",United States,"December 11, 2020",2020,PG-13,91 min,Documentaries,"Six ambitious student actors audition for the prestigious August Wilson Monologue Competition, culminating in a riveting final round on Broadway.",2434,6
2447,s2448,Movie,Go! Go! Cory Carson: The Chrissy,"Alex Woo, Stanley Moore","Alan C. Lim, Maisie Benson, Kerry Gudjohnsen, Terrance Smith, Paul Killam, Omari Weaver, Ella Joy Ballesteros, Smith Foreman, Stanley Moore",United States,"May 1, 2020",2020,TV-Y,42 min,Children & Family Movies,"The Carson kids win a talent show with a dance that Cory created. But when ""The Chrissy"" catches on, his little sister gets all of the attention.",2447,5
2547,s2548,Movie,Guest House,Sam Macaroni,"Pauly Shore, Mike Castle, Aimee Teegarden, Billy Zane, Charlotte McKinney, Louis Ferrigno,  Jr., Erik Griffin, Bobby Lee, Punkie Johnson, Mikaela Hoover, Chris Kattan, Steve-O",United States,"December 18, 2020",2020,R,84 min,Comedies,The only downside to a young couple’s new dream home — and fresh start — is the nightmare of the raucous houseguest in back who refuses to leave.,2547,5
2621,s2622,Movie,Hard Kill,Matt Eskandari,"Jesse Metcalfe, Bruce Willis, Natalie Eva Marie, Lala Kent, Texas Battle, Swen Temmel, Sergio Rizzuto, Tyler Jon Olson, Jon Galanis",United States,"November 23, 2020",2020,R,98 min,Action & Adventure,"When a billionaire hires a team of mercenaries for protection, they soon realize world-changing technology and his daughter’s life are also at stake.",2621,9
2655,s2656,Movie,Have a Good Trip: Adventures in Psychedelics,Donick Cary,"Nick Offerman, Adam Scott",United States,"May 11, 2020",2020,TV-MA,86 min,Documentaries,"Explore hallucinogenic highs and lows as celebrities share funny, mind-blowing tales via animations, reenactments and more in this documentary.",2655,8
2742,s2743,Movie,Hillbilly Elegy,Ron Howard,"Amy Adams, Glenn Close, Gabriel Basso, Haley Bennett, Freida Pinto, Bo Hopkins, Owen Asztalos",United States,"November 24, 2020",2020,R,117 min,Dramas,"An urgent phone call pulls a Yale Law student back to his Ohio hometown, where he reflects on three generations of family history and his own future.",2742,9
2770,s2771,Movie,Holidate,John Whitesell,"Emma Roberts, Luke Bracey, Kristin Chenoweth, Frances Fisher, Jessica Capshaw, Andrew Bachelor, Cynthy Wu, Alex Moffat, Manish Dayal",United States,"October 28, 2020",2020,TV-MA,105 min,"Comedies, Romantic Movies","Fed up with being single on holidays, two strangers agree to be each other's platonic plus-ones all year long, only to catch real feelings along the way.",2770,1
2812,s2813,Movie,Horse Girl,Jeff Baena,"Alison Brie, Debby Ryan, Paul Reiser, John Reynolds, Molly Shannon, John Ortiz, Meredith Hagner, Jake Picking, David Paymer, Jay Duplass",United States,"February 7, 2020",2020,R,104 min,"Dramas, Independent Movies","A sweet misfit with a fondness for crafts, horses and supernatural crime shows finds her increasingly lucid dreams trickling into her waking life.",2812,6
2855,s2856,Movie,Hubie Halloween,Steve Brill,"Adam Sandler, Kevin James, Julie Bowen, Ray Liotta, Steve Buscemi, Maya Rudolph, Rob Schneider, June Squibb, Kenan Thompson, Tim Meadows, Michael Chiklis, Karan Brar, George Wallace, Paris Berelc, Noah Schnapp, China Anne McClain, Colin Quinn, Kym Whitley, Lavell Crawford, Mikey Day, Jackie Sandler, Sadie Sandler, Sunny Sandler",United States,"October 7, 2020",2020,PG-13,104 min,"Comedies, Horror Movies","Hubie's not the most popular guy in Salem, Mass., but when Halloween turns truly spooky, this good-hearted scaredy-cat sets out to keep his town safe.",2855,6
2927,s2928,Movie,I'm Thinking of Ending Things,Charlie Kaufman,"Jessie Buckley, Jesse Plemons, Toni Collette, David Thewlis, Guy Boyd",United States,"September 4, 2020",2020,R,135 min,"Dramas, Independent Movies",Nothing is as it seems when a woman experiencing misgivings about her new boyfriend joins him on a road trip to meet his parents at their remote farm.,2927,5
2939,s2940,Movie,If Anything Happens I Love You,"Will McCormack, Michael Govier",,United States,"November 20, 2020",2020,PG,13 min,Dramas,Grieving parents journey through an emotional void as they mourn the loss of a child in the aftermath of a tragic school shooting.,2939,8
3154,s3155,Movie,Jerry Seinfeld: 23 Hours To Kill,Joe DeMaio,Jerry Seinfeld,United States,"May 5, 2020",2020,TV-PG,61 min,Stand-Up Comedy,"Jerry Seinfeld takes the stage in New York and tackles talking vs. texting, bad buffets vs. so-called ""great"" restaurants and the magic of Pop Tarts.",3154,4
3182,s3183,Movie,Jingle Jangle: A Christmas Journey,David E. Talbert,"Forest Whitaker, Keegan-Michael Key, Hugh Bonneville, Anika Noni Rose, Madalen Mills, Phylicia Rashad, Ricky Martin, Justin Cornwell, Sharon Rose, Lisa Davina Phillip, Kieron Dyer",United States,"November 13, 2020",2020,PG,124 min,"Children & Family Movies, Music & Musicals","Decades after his trusted apprentice betrayed him, a once-joyful toymaker finds new hope when his kind and curious granddaughter comes into his life.",3182,8
3189,s3190,Movie,Jo Koy: In His Elements,Michael McKay,"Jo Koy, Andrew Lopez, Joey Guila, Andrew Orolfo",United States,"June 12, 2020",2020,TV-MA,55 min,Stand-Up Comedy,"Jo Koy brings the laughs and beats to Manila, spotlighting local culture in a one-of-a-kind show featuring Filipino American comedians, DJs and B-boys.",3189,8
3204,s3205,Movie,John Henry,Will Forbes,"Terry Crews, Ludacris, Jamila Velazquez, J.J. Soria, Ken Foree, Daffany Clark, Kimberly Hébert-Gregory, Tyler Alvarez",United States,"May 9, 2020",2020,R,92 min,"Dramas, Thrillers",A reformed LA gang member upends his peaceful new life when he steps in to protect two young immigrants from his violent former leader.,3204,6
3211,s3212,Movie,John Was Trying to Contact Aliens,,,United States,"August 20, 2020",2020,TV-PG,17 min,"Documentaries, LGBTQ Movies","A rural electronics whiz broadcasts radio signals into space and monitors for signs of aliens, but makes a more important connection here on Earth.",3211,6
3347,s3348,Movie,Kevin Hart: Zero F**ks Given,Leslie Small,Kevin Hart,United States,"November 17, 2020",2020,TV-MA,70 min,Stand-Up Comedy,"Kevin Hart serves up laughs and brick oven pizza from the comfort of his home, and dishes on male group chats, sex after 40 and life with COVID-19.",3347,9
3414,s3415,Movie,Kiss the Ground,"Joshua Tickell, Rebecca Harrell Tickell",Woody Harrelson,United States,"September 22, 2020",2020,TV-G,85 min,Documentaries,Science experts and celebrity activists unpack the ways in which the earth's soil may be the key to combating climate change and preserving the planet.,3414,7
3532,s3533,Movie,Larry the Cable Guy: Remain Seated,Brian Volk-Weiss,Larry the Cable Guy,United States,"November 26, 2020",2020,TV-14,68 min,Stand-Up Comedy,"With his signature call to ""Git-R-Done,"" Larry muses on swampy weather, late-night shopping at Walmart and other raunchy tales of life in rural America.",3532,9
3604,s3605,Movie,Leslie Jones: Time Machine,"David Benioff, D.B. Weiss",Leslie Jones,United States,"January 14, 2020",2020,TV-MA,66 min,Stand-Up Comedy,"From trying to seduce Prince to battling sleep apnea, Leslie Jones traces her evolution as an adult in a joyfully raw and outrageous stand-up special.",3604,4
3710,s3711,Movie,London Hughes: To Catch a D*ck,Kristian Mercado,London Hughes,United States,"December 22, 2020",2020,TV-MA,68 min,Stand-Up Comedy,Bawdy comedian and television presenter London Hughes revisits her past in this acclaimed breakout special filled with unfiltered tales and wild stories.,3710,7
3731,s3732,Movie,Lost Girls,Liz Garbus,"Amy Ryan, Gabriel Byrne, Thomasin McKenzie, Lola Kirke, Oona Laurence, Dean Winters, Miriam Shor, Reed Birney, Kevin Corrigan, Stan Carp",United States,"March 13, 2020",2020,R,95 min,Dramas,"Desperate to find her missing daughter, a mother fights to uncover the truth — and helps expose a string of unsolved murders. Based on a true story.",3731,4
3785,s3786,Movie,"Love, Guaranteed",Mark Steven Johnson,"Rachael Leigh Cook, Damon Wayans Jr., Heather Graham, Caitlin Howden, Brendan Taylor, Sebastian Billingsley-Rodriguez, Sean Amsing, Lisa Durupt, Alvin Sanders, Jed Rees, Kandyse McClure",United States,"September 3, 2020",2020,TV-PG,91 min,"Comedies, Independent Movies, Romantic Movies",Sparks fly when a crusading but cash-strapped attorney takes on a charming client looking to sue a dating site that guarantees its users will find love.,3785,8
3830,s3831,Movie,Ma Rainey's Black Bottom,George C. Wolfe,"Viola Davis, Chadwick Boseman, Glynn Turman, Colman Domingo, Michael Potts, Jonny Coyne, Taylour Paige, Jeremy Shamos, Dusan Brown, Joshua Harto",United States,"December 18, 2020",2020,R,94 min,"Dramas, Music & Musicals","Tensions and temperatures rise at a Chicago music studio in 1927 when fiery, fearless blues singer Ma Rainey joins her band for a recording session.",3830,7
3878,s3879,Movie,Making The Witcher,Nathan Wiley,"Henry Cavill, Anya Chalotra, Freya Allan, Eamon Farren, Mimi Ndiweni, Adam Levy, MyAnna Buring, Joey Batey, Lauren Schmidt Hissrich, Tomasz Bagiński, Andrew Laws, Sneha Koorse, Declan De Barra, Beau DeMayo, Simon Emanuel, Iván Pohárnok, Tim Aslam, Charlotte Brändström",United States,"August 26, 2020",2020,TV-MA,33 min,Documentaries,"Journey into the extraordinary world of ""The Witcher"" — from casting the roles to Jaskier's catchy song — in this behind-the-scenes look at the series.",3878,9
3888,s3889,Movie,Malibu Rescue: The Next Wave,Savage Steve Holland,"Ricardo Hurtado, Breanna Yde, Jackie R. Jacobson, Abby Donnelly, Alkoya Brunson, Jeff Meacham, Ella Gross, Carlos Sanson, JT Neal, Camaron Engels, Kirrilee Berger",United States,"August 4, 2020",2020,TV-G,71 min,"Children & Family Movies, Comedies","As summer returns to Malibu, Team Flounder takes to the beach to host — and unexpectedly compete in — the International Beachmaster Competition.",3888,3
3910,s3911,Movie,MANK,David Fincher,"Gary Oldman, Amanda Seyfried, Charles Dance, Lily Collins, Arliss Howard, Tom Pelphrey, Sam Troughton, Ferdinand Kingsley, Tuppence Middleton, Tom Burke, Joseph Cross, Jamie McShane, Toby Leonard Moore, Monika Gossmann",United States,"December 4, 2020",2020,R,133 min,"Dramas, Independent Movies",1930s Hollywood is reevaluated through the eyes of scathing wit and alcoholic screenwriter Herman J. Mankiewicz as he races to finish “Citizen Kane.”,3910,2
3928,s3929,Movie,Marc Maron: End Times Fun,Lynn Shelton,Marc Maron,United States,"March 10, 2020",2020,TV-MA,71 min,Stand-Up Comedy,"Marc Maron wades through a swamp of vitamin hustlers, evangelicals and grown male nerd children, culminating in a gleefully filthy end-times fantasy.",3928,3
4071,s4072,Movie,Michelle Buteau: Welcome to Buteaupia,Page Hurwitz,Michelle Buteau,United States,"September 29, 2020",2020,TV-MA,59 min,Stand-Up Comedy,"Scene-stealing queen Michelle Buteau dazzles with real talk on relationships, parenthood, cultural differences and the government workers who adore her.",4071,2
4132,s4133,Movie,Miss Americana,Lana Wilson,Taylor Swift,United States,"January 31, 2020",2020,TV-MA,85 min,"Documentaries, Music & Musicals","In this revealing documentary, Taylor Swift embraces her role as a songwriter and performer — and as a woman harnessing the full power of her voice.",4132,1
4235,s4236,Movie,Mosul,Matthew Michael Carnahan,"Suhail Dabbach, Adam Bessa, Is'haq Elias, Qutaiba Abdelhaq, Ahmad El Ghanem, Hicham Ouarqa, Mohimen Mahbuba, Thaer Al-Shayei, Abdellah Bensaid, Faycal Attougui, Mohamed Attougui, Tarik Belmekki, Hayat Kamille, Seema Al Khalidi, Waleed Algadi",United States,"November 26, 2020",2020,TV-MA,103 min,"Action & Adventure, Dramas, International Movies","After his life is saved by a rogue Iraqi squadron, a young police officer joins them in their fight against ISIS in a decimated Mosul.",4235,3
4267,s4268,Movie,Mucho Mucho Amor: The Legend of Walter Mercado,"Cristina Costantini, Kareem Tabsch",Walter Mercado,United States,"July 8, 2020",2020,TV-14,96 min,"Documentaries, LGBTQ Movies","Dazzling and tender-hearted, legendary astrologer Walter Mercado vanished at the peak of his fame. This documentary poignantly explains what happened.",4267,2
4291,s4292,Movie,Murder to Mercy: The Cyntoia Brown Story,,,United States,"April 29, 2020",2020,TV-MA,97 min,Documentaries,"After 16-year-old Cyntoia Brown is sentenced to life in prison, questions about her past, physiology and the law itself call her guilt into question.",4291,5
4417,s4418,Movie,Natalie Palamides: Nate - A One Man Show,Phil Burgers,Natalie Palamides,United States,"December 1, 2020",2020,TV-MA,60 min,Comedies,"Tough talk takes a soft turn as Nate, played by comedian Natalie Palamides, explores humor, heartbreak, sexuality and consent — with a live audience.",4417,6
4507,s4508,Movie,Norm of the North: Family Vacation,Anthony Bell,"Andrew Toth, Lisa Durupt, Jonathan Holmes, Paul Dobson, Cole Howard, Brian Drummond, Jennifer Cameron",United States,"May 25, 2020",2020,TV-Y7,89 min,Children & Family Movies,"Stressed by his duties as king and father, Norm must secretly find his stolen crown while taking his family on a much-needed vacation.",4507,6
4666,s4667,Movie,Operation Christmas Drop,Martin Wood,"Kat Graham, Alexander Ludwig, Virginia Madsen, Janet Kidder, Jeff Joseph, Bethany Brown, Trezzo Mahoro, Rohan Campbell, Aliza Vellani, Aaron Douglas, Xavier de Guzman, Bruce Best",United States,"November 5, 2020",2020,TV-G,96 min,"Children & Family Movies, Comedies, Romantic Movies",A by-the-book political aide falls for a big-hearted Air Force pilot while looking to shut down his tropical base and its airborne Christmas tradition.,4666,1
4834,s4835,Movie,Pete Davidson: Alive From New York,Jason Orley,Pete Davidson,United States,"February 25, 2020",2020,TV-MA,50 min,Stand-Up Comedy,"Comedian and ""SNL"" star Pete Davidson drops a candid and intimate stand-up special shot live in New York City.",4834,1
4987,s4988,Movie,Project Power,"Henry Joost, Ariel Schulman","Jamie Foxx, Joseph Gordon-Levitt, Dominique Fishback, Rodrigo Santoro, Courtney B. Vance, Amy Landecker, Machine Gun Kelly, Tait Fletcher, Allen Maldonado, Andrene Ward-Hammond",United States,"August 14, 2020",2020,R,113 min,Action & Adventure,"An ex-soldier, a teen and a cop collide in New Orleans as they hunt for the source behind a dangerous new pill that grants users temporary superpowers.",4987,4
5168,s5169,Movie,Residue,Merawi Gerima,"Obinna Nwachukwu, Dennis Lindsey, Taline Stewart, Derron Scott, Jamal Graham, JaCari Dye, Julian Selman, Melody Tally, Ramon Thompson, Hasinatu Camara",United States,"September 17, 2020",2020,TV-MA,90 min,"Dramas, Independent Movies",A young screenwriter returns to his hometown to write a script based on his childhood and discovers his neighborhood has been gentrified.,5168,5
5205,s5206,Movie,Riding Faith,Paco Aguilar,"John Schneider, T.C. Stallings, Grace Van Dien, Marisa Brown, Jimmy Deshler",United States,"June 17, 2020",2020,TV-PG,81 min,"Children & Family Movies, Dramas, Faith & Spirituality","Following her father's death, a young woman struggles to help her mother keep the family ranch afloat while preserving a special bond with her horse.",5205,1
5233,s5234,Movie,"Rob Schneider: Asian Momma, Mexican Kids",Tyler Spindel,Rob Schneider,United States,"August 11, 2020",2020,TV-MA,44 min,Stand-Up Comedy,"Former ""Saturday Night Live"" star Rob Schneider returns to the stage and shares his take on life, love and dinosaur dreams in this stand-up special.",5233,1
5255,s5256,Movie,Rogue Warfare: The Hunt,Mike Gunther,"Will Yun Lee, Jermaine Love, Rory Markham, Bertrand-Xavier Corbi, Katie Keene, Fernando Chien, Gina DeCesare, Michael Blalock, Chris Mulkey, Stephen Lang",United States,"August 1, 2020",2020,R,104 min,Action & Adventure,"When their leader is captured by an extremist organization, a special forces team stages a perilous rescue mission as time runs out.",5255,4
5281,s5282,Movie,Roped,Shaun Paul Piccinino,"Josh Swickard, Casper Van Dien, Lorynn York, Christina Moore, John Schneider, Michael Roark, Shane Graham, Cooper Lundeen, Javicia Leslie, Spencer Neville",United States,"May 2, 2020",2020,PG,90 min,"Children & Family Movies, Dramas, Romantic Movies",A star cowboy in a traveling rodeo gets thrown off course when he falls in love with the daughter of a tough-minded town councilman.,5281,8
5356,s5357,Movie,Sam Jay: 3 In The Morning,Kristian Mercado,Sam Jay,United States,"August 4, 2020",2020,TV-MA,64 min,Stand-Up Comedy,"Comedian and ""Saturday Night Live"" writer Sam Jay serves up fresh takes on relationships, travel nightmares, the audacity of white people and more.",5356,8
5388,s5389,Movie,Sarah Cooper: Everything's Fine,Natasha Lyonne,"Sarah Cooper, Fred Armisen, Maya Rudolph, Ben Stiller, Megan Thee Stallion, Jane Lynch, Jon Hamm, Aubrey Plaza, Connie Chung, Jordan Black, Tommy Davidson, Helen Mirren, Jonathan Van Ness, Danielle Brooks, Winona Ryder, Marcella Arguello, Eddie Pepitone, Marisa Tomei, Whoopi Goldberg, Tom Kane",United States,"October 27, 2020",2020,TV-MA,50 min,Comedies,"Comedian and Trump lip-synching sensation Sarah Cooper tackles politics, race and other light topics in a sketch special packed with celebrity guests.",5388,7
5475,s5476,Movie,Secrets of the Saqqara Tomb,James Tovell,,United States,"October 28, 2020",2020,TV-PG,114 min,Documentaries,"After unearthing a tomb that had been untouched for 4,400 years, Egyptian archaeologists attempt to decipher the history of the extraordinary find.",5475,9
5498,s5499,Movie,Sergio,Greg Barker,"Wagner Moura, Ana de Armas, Brían F. O'Byrne, Clemens Schick, Bradley Whitford",United States,"April 17, 2020",2020,R,119 min,"Dramas, Independent Movies","Passions, ideals and bitter realities collide as charismatic UN diplomat Sergio Vieira de Mello becomes trapped in a life-threatening situation in Iraq.",5498,8
5549,s5550,Movie,Shawn Mendes: In Wonder,Grant Singer,Shawn Mendes,United States,"November 23, 2020",2020,TV-MA,83 min,"Documentaries, Music & Musicals","Over the course of a world tour, this unguarded documentary follows Shawn Mendes as he opens up about his stardom, relationships and musical future.",5549,3
5749,s5750,Movie,Spelling the Dream,Sam Rega,,United States,"June 3, 2020",2020,TV-G,83 min,"Children & Family Movies, Documentaries","Following four hopeful competitors, this documentary explores Indian Americans' decades-long success at the biggest spelling contest in the U.S.",5749,5
5750,s5751,Movie,Spenser Confidential,Peter Berg,"Mark Wahlberg, Winston Duke, Alan Arkin, Bokeem Woodbine, Iliza Shlesinger, Hope Olaide Wilson, Marc Maron",United States,"March 6, 2020",2020,R,111 min,"Action & Adventure, Comedies","Spenser, an ex-cop and ex-con, teams up with aspiring fighter Hawk to uncover a sinister conspiracy tied to the deaths of two Boston police officers.",5750,4
5757,s5758,Movie,Spirit Riding Free: Ride Along Adventure,"Beth Sleven, Allan Jacobsen, Kevin Wotton","Amber Frank, Bailey Gambertoglio, Sydney Park, Katey Sagal, Rachel Kimsey, Darcy Rose Byrnes, Duncan Joiner, Bella Aboulhosn, Kai Scott",United States,"December 8, 2020",2020,TV-Y7,79 min,Children & Family Movies,Join Lucky and her friends on an interactive mission to save Maricela’s beloved mare from greedy horse thieves who've taken her captive with a wild herd.,5757,9
5830,s5831,Movie,Straight Up,James Sweeney,"James Sweeney, Katie Findlay, Randall Park, Hillary Anne Matthews, James Scully, Betsy Brandt",United States,"June 26, 2020",2020,TV-MA,96 min,"Comedies, Independent Movies, LGBTQ Movies","When a gay brainiac with OCD questions his identity, he enters a romantic relationship with a woman, leaving sex and physical intimacy out of it.",5830,6
5872,s5873,Movie,Sugar High,Ariel Boles,Hunter March,United States,"July 31, 2020",2020,TV-G,44 min,Children & Family Movies,"Talented sugar artists compete for $10,000 over two rounds of competition — candy and sugar sculpture — in this ""Sugar Rush"" spinoff special.",5872,1
5997,s5998,Movie,Taylor Tomlinson: Quarter-Life Crisis,Marcus Raboy,Taylor Tomlinson,United States,"March 3, 2020",2020,TV-MA,61 min,Stand-Up Comedy,"She's halfway through her 20s — and she's over it. Too old to party, too young to settle down, comedian Taylor Tomlinson takes aim at her life choices.",5997,2
6052,s6053,Movie,The 2nd,Brian Skiba,"Ryan Phillippe, Casper Van Dien, Jack Griffo, Lexi Simonsen, Richard Burgi, William Katt, Samaire Armstrong, William McNamara, Jacob Grodnik",United States,"November 30, 2020",2020,TV-MA,93 min,Action & Adventure,"A Secret Service agent is drawn into a terrorist plot when his son's classmate, the daughter of a Supreme Court Justice, is targeted for kidnapping.",6052,1
6090,s6091,Movie,The App That Stole Christmas,Monica Floyd,"Jackie Long, Diane Marie Howard, Jaylin Hall, Miguel A. Núñez Jr., Ray J, JayQ The Legend, J. Anthony Brown, Kenny Rhodes, Amber Cosich",United States,"November 20, 2020",2020,TV-PG,64 min,"Children & Family Movies, Comedies","A tech entrepreneur's Christmas shopping app is a smashing success, but he starts to realize his invention might be ruining the holiday spirit.",6090,1
6103,s6104,Movie,The Babysitter: Killer Queen,McG,"Judah Lewis, Jenna Ortega, Emily Alyn Lind, Andrew Bachelor, Robbie Amell, Bella Thorne, Hana Mae Lee, Ken Marino, Leslie Bibb, Chris Wylde, Carl McDowell",United States,"September 10, 2020",2020,TV-MA,102 min,"Comedies, Horror Movies","Two years after Cole survived a satanic blood cult, he's living another nightmare: high school. And the demons from his past? Still making his life hell.",6103,5
6159,s6160,Movie,The Boss Baby: Get That Baby!,"Dan Forgione, Pete Jacobs, Matt Whitlock","JP Karliak, Pierce Gagnon, Alex Cazares, Kevin Michael Richardson, Flula Borg, Rhys Darby, Wendie Malick, Jake Green",United States,"September 1, 2020",2020,TV-Y7,115 min,"Children & Family Movies, Comedies",Think you've got what it takes to be the boss? This interactive special puts your skills to the test and matches you up with one of 16 jobs at Baby Corp.,6159,9
6168,s6169,Movie,The Boys in the Band,Joe Mantello,"Jim Parsons, Zachary Quinto, Matt Bomer, Andrew Rannells, Charlie Carver, Robin de Jesús, Brian Hutchison, Michael Benjamin Washington, Tuc Watkins",United States,"September 30, 2020",2020,R,122 min,"Dramas, LGBTQ Movies","At a birthday party in 1968 New York, a surprise guest and a drunken game leave seven gay friends reckoning with unspoken feelings and buried truths.",6168,8
6169,s6170,Movie,The Boys in the Band: Something Personal,,"Jim Parsons, Zachary Quinto, Matt Bomer, Andrew Rannells, Charlie Carver, Robin de Jesús, Brian Hutchison, Michael Benjamin Washington, Tuc Watkins, Joe Mantello, Ned Martel, Mart Crowley",United States,"September 30, 2020",2020,TV-MA,28 min,"Documentaries, LGBTQ Movies","Decades after his play first put gay life center stage, Mart Crowley joins the cast and crew of the 2020 film to reflect on the story's enduring legacy.",6169,8
6226,s6227,Movie,The Claudia Kishi Club,Sue Ding,,United States,"July 10, 2020",2020,TV-14,17 min,Documentaries,"Asian American creatives pay passionate tribute to the iconic, stereotype-busting ""Baby-Sitters Club"" character in this heartfelt documentary short.",6226,5
6282,s6283,Movie,The Debt Collector 2,Jesse V. Johnson,"Scott Adkins, Louis Mandylor, Vladimir Kulich, Marina Sirtis, Ski Carr, Charity Collins, Mayling Ng, Josef Cannon, Jermaine Jacox, Vernon Wells",United States,"August 31, 2020",2020,TV-MA,97 min,Action & Adventure,"French and Sue have two days to collect on three debts, using as much force as it takes – all while evading the wrath of a crime lord out for revenge.",6282,3
6291,s6292,Movie,The Devil All The Time,Antonio Campos,"Tom Holland, Bill Skarsgård, Riley Keough, Robert Pattinson, Mia Wasikowska, Jason Clarke, Sebastian Stan, Haley Bennett, Harry Melling, Eliza Scanlen",United States,"September 16, 2020",2020,R,139 min,"Dramas, Thrillers",Sinister characters converge around a young man devoted to protecting those he loves in a postwar backwoods town teeming with corruption and brutality.,6291,8
6371,s6372,Movie,The Forty-Year-Old Version,Radha Blank,"Radha Blank, Peter Kim, Oswin Benjamin, Imani Lewis, Haskiri Velazquez, Antonio Ortiz, T.J. Atoms, Reed Birney",United States,"October 9, 2020",2020,R,124 min,"Comedies, Dramas, Independent Movies","Desperate for a breakthrough as she nears the big 4-0, struggling New York City playwright Radha finds inspiration by reinventing herself as a rapper.",6371,5
6431,s6432,Movie,The Half Of It,Alice Wu,"Leah Lewis, Daniel Diemer, Alexxis Lemire, Wolfgang Novogratz, Collin Chou, Becky Ann Baker, Enrique Murciano, Macintyre Dixon, Catherine Curtin",United States,"May 1, 2020",2020,PG-13,105 min,"Comedies, Dramas, LGBTQ Movies","When smart but cash-strapped teen Ellie Chu agrees to write a love letter for a jock, she doesn't expect to become his friend — or fall for his crush.",6431,8
6555,s6556,Movie,The Last Days of American Crime,Olivier Megaton,"Edgar Ramírez, Michael Pitt, Anna Brewster, Patrick Bergin, Sharlto Copley, Brandon Auret, Tamer Burjaq, Terence Maynard, James Richard Marshall",United States,"June 5, 2020",2020,TV-MA,149 min,"Action & Adventure, Dramas, Independent Movies","A bank robber joins a plot to commit one final, historic heist before the government turns on a mind-altering signal that will end all criminal behavior.",6555,7
6571,s6572,Movie,The Last Thing He Wanted,Dee Rees,"Anne Hathaway, Ben Affleck, Willem Dafoe, Toby Jones, Rosie Perez, Edi Gathegi, Mel Rodriguez, Onata Aprile",United States,"February 21, 2020",2020,R,116 min,"Dramas, Thrillers",A hard-hitting reporter becomes entangled in the story she’s trying to break when she helps her ailing father broker an arms deal in Central America.,6571,1
6619,s6620,Movie,The Lost Husband,Vicky Wight,"Leslie Bibb, Josh Duhamel, Nora Dunn, Sharon Lawrence, Callie Hope Haverda, Roxton Garcia",United States,"August 10, 2020",2020,PG-13,110 min,"Dramas, Romantic Movies","Looking to start anew, a widow retreats with her children to her aunt's goat farm, where the ranch's manager helps her navigate country life and loss.",6619,5
6623,s6624,Movie,The Lovebirds,Michael Showalter,"Issa Rae, Kumail Nanjiani, Paul Sparks, Anna Camp, Kyle Bornheimer, Nicholas X. Parsons, Andrene Ward-Hammond, Catherine Cohen, Barry Rothbart",United States,"May 22, 2020",2020,R,87 min,"Action & Adventure, Comedies, Romantic Movies","When a couple in the fast lane to splitsville accidentally careens into a murder, they take off on a wild race to find the killer and clear their names.",6623,9
6632,s6633,Movie,The Magic School Bus Rides Again Kids In Space,Richard Weston,"Kate McKinnon, Matthew Mucci, Mikaela Blake, Gabby Clarke, Roman Lutterotti, Leke Maceda-Rustecki, Birva Pandya, Lynsey Pham, Kaden Stephen",United States,"August 7, 2020",2020,TV-Y,46 min,Children & Family Movies,The Magic School Bus kids blast into orbit — and onto the International Space Station — only to find themselves on the run from a giant tardigrade!,6632,8
6635,s6636,Movie,The Main Event,Jay Karas,"Seth Carr, Tichina Arnold, Adam Pally, Ken Marino, Mike 'The Miz' Mizanin, Momona Tamada, Keith Lee, Babatunde Aiyegbusi, Kofi Kingston",United States,"April 10, 2020",2020,TV-G,103 min,"Children & Family Movies, Comedies, Sports Movies","Using special powers from a magical mask, a young WWE fan causes chaos when he enters a wrestling competition and fights an intimidating rival.",6635,7
6665,s6666,Movie,The Midnight Sky,George Clooney,"George Clooney, Felicity Jones, Kyle Chandler, Demián Bichir, David Oyelowo, Tiffany Boone, Caoilinn Springall, Sophie Rundle, Ethan Peck",United States,"December 23, 2020",2020,PG-13,119 min,Dramas,"In the aftermath of a global catastrophe, a lone scientist in the Arctic races to contact a crew of astronauts with a warning not to return to Earth.",6665,3
6670,s6671,Movie,The Minimalists: Less Is Now,,,United States,"January 1, 2021",2021,TV-14,54 min,Documentaries,They've built a movement out of minimalism. Longtime friends Joshua Fields Millburn and Ryan Nicodemus share how our lives can be better with less.,6670,6
6702,s6703,Movie,The Netflix Afterparty: The Best Shows of The Worst Year,,"David Spade, London Hughes, Fortune Feimster",United States,"December 13, 2020",2020,TV-MA,59 min,Comedies,"David Spade, Fortune Feimster and London Hughes welcome guests from ""Tiger King,"" ""Emily in Paris,"" ""The Queen's Gambit"" and more. Plus: Kevin Hart.",6702,2
6708,s6709,Movie,The Night Clerk,Michael Cristofer,"Tye Sheridan, Ana de Armas, Helen Hunt, John Leguizamo, Johnathon Schaech, Jacque Gray",United States,"June 6, 2020",2020,R,90 min,"Dramas, Independent Movies","After a charming guest checks in, a voyeuristic hotel clerk on the autism spectrum becomes a suspect in a murder that takes place during his shift.",6708,9
6719,s6720,Movie,The Old Guard,Gina Prince-Bythewood,"Charlize Theron, KiKi Layne, Marwan Kenzari, Luca Marinelli, Harry Melling, Van Veronica Ngo, Matthias Schoenaerts, Chiwetel Ejiofor",United States,"July 10, 2020",2020,R,126 min,Action & Adventure,Four undying warriors who've secretly protected humanity for centuries become targeted for their mysterious powers just as they discover a new immortal.,6719,4
6781,s6782,Movie,The Princess Switch: Switched Again,Mike Rohl,"Vanessa Hudgens, Nick Sagar, Sam Palladio, Mia Lloyd, Lachlan Nieboer, Ricky Norwood, Florence Hall, Suanne Braun, Mark Fleischmann",United States,"November 19, 2020",2020,TV-G,97 min,"Children & Family Movies, Dramas, Romantic Movies","When Margaret's Christmas coronation complicates her love life, her double Stacy steps in to save the day. But will a third look-alike ruin their plan?",6781,1
6785,s6786,Movie,The Prom,Ryan Murphy,"Meryl Streep, James Corden, Nicole Kidman, Kerry Washington, Andrew Rannells, Keegan-Michael Key, Jo Ellen Pellman, Ariana DeBose, Mary Kay Place, Kevin Chamberlin, Tracey Ullman, Logan Riley, Sofia Deler, Nico Greetham, Nathaniel J. Potvin",United States,"December 11, 2020",2020,PG-13,132 min,"Comedies, LGBTQ Movies, Music & Musicals",A group of down-on-their-luck Broadway stars shake up a small Indiana town as they rally behind a teen who just wants to attend prom with her girlfriend.,6785,9
6879,s6880,Movie,The Sleepover,Trish Sie,"Sadie Stanley, Maxwell Simkins, Ken Marino, Malin Akerman, Cree Cicchino, Lucas Jaye, Karla Souza, Enuka Okuma, Erik Griffin, Joe Manganiello",United States,"August 21, 2020",2020,TV-PG,104 min,"Action & Adventure, Children & Family Movies, Comedies",What do you do if your parents are kidnapped by a crew of international thieves? You begin a wild overnight adventure — complete with spy gear.,6879,3
6883,s6884,Movie,The Social Dilemma,Jeff Orlowski,"Skyler Gisondo, Kara Hayward, Vincent Kartheiser",United States,"September 9, 2020",2020,PG-13,94 min,Documentaries,"This documentary-drama hybrid explores the dangerous human impact of social networking, with tech experts sounding the alarm on their own creations.",6883,9
6891,s6892,Movie,The Speed Cubers,Sue Kim,,United States,"July 29, 2020",2020,TV-PG,41 min,Documentaries,This documentary captures the extraordinary twists and turns in the journeys of Rubik's Cube-solving champions Max Park and Feliks Zemdegs.,6891,9
6901,s6902,Movie,The Stand at Paxton County,Brett Hedlund,"Jacqueline Toboni, Michael O'Neill, Tyler Jacob Moore, Christopher McDonald, Sean O'Bryan, Blake Sheldon, Zoe Kanters, Greg Perrow, Tanner Thomason",United States,"May 2, 2020",2020,R,103 min,"Dramas, Independent Movies, Thrillers",A military veteran comes home to find her father harassed by a sheriff intent on confiscating the livestock on their ranch under shady pretenses.,6901,2
6975,s6976,Movie,The Vanished,Peter Facinelli,"Thomas Jane, Anne Heche, Jason Patric, John D. Hickman, Peter Facinelli, Alex Haydon, Aleksei Archer, Kristopher Wente",United States,"January 15, 2021",2020,R,115 min,Thrillers,"When their daughter disappears during a family vacation, two terrified parents launch their own investigation that soon exposes local secrets.",6975,7
7024,s7025,Movie,The Wrong Missy,Tyler Spindel,"David Spade, Lauren Lapkus, Nick Swardson, Geoff Pierson, Jackie Sandler, Sarah Chalke, Rob Schneider, Chris Witaske, Joe Anoa'i, Molly Sims",United States,"May 13, 2020",2020,TV-MA,90 min,"Comedies, Romantic Movies","Tim thinks he's invited the woman of his dreams on a work retreat to Hawaii, realizing too late he mistakenly texted someone from a nightmare blind date.",7024,9
7084,s7085,Movie,Tigertail,Alan Yang,"Tzi Ma, Christine Ko, Hong-Chi Lee, Hayden Szeto, Kunjue Li, Fiona Fu, James Saito, Joan Chen",United States,"April 10, 2020",2020,PG,91 min,Dramas,A man reflects on the lost love of his youth and his long-ago journey from Taiwan to America as he begins to reconnect with his estranged daughter.,7084,5
7112,s7113,Movie,To All the Boys: P.S. I Still Love You,Michael Fimognari,"Lana Condor, Noah Centineo, Jordan Fisher, Anna Cathcart, Janel Parrish, Ross Butler, Madaleine Arthur, Emilija Baranac, Trezzo Mahoro, Holland Taylor, Sarayu Blue, John Corbett",United States,"February 12, 2020",2020,TV-14,102 min,"Comedies, Romantic Movies","Lara Jean is officially Peter’s girlfriend, so everything should be perfect, right? But feelings grow complicated when an old crush reenters her life.",7112,8
7136,s7137,Movie,Tom Papa: You're Doing Great!,Gregory Jacobs,Tom Papa,United States,"February 4, 2020",2020,TV-14,60 min,Stand-Up Comedy,"Comedian Tom Papa takes on body image issues, social media, pets, Staten Island, the ""old days"" and more in a special from his home state of New Jersey.",7136,4
7137,s7138,Movie,Tom Segura: Ball Hog,Rami Hachache,Tom Segura,United States,"March 24, 2020",2020,TV-MA,70 min,Stand-Up Comedy,"Tom Segura scores laughs with uncomfortably candid stories about mothers, fathers, following your dreams — and other things you'd rather not think about.",7137,8
7213,s7214,Movie,Tremors: Shrieker Island,Don Michael Paul,"Michael Gross, Jon Heder, Caroline Langrishe, Cassie Clare, Matthew Douglas, Sahajak Boonthanakit, David Asavanond, Jackie Cruz, Richard Brake",United States,"October 20, 2020",2020,PG-13,102 min,"Action & Adventure, Horror Movies","When massive mutant creatures infiltrate an island nature preserve, scientists recruit a legendary monster hunter to battle the beasts.",7213,9
7319,s7320,Movie,Unbreakable Kimmy Schmidt: Kimmy vs. the Reverend,Claire Scanlon,"Ellie Kemper, Jane Krakowski, Tituss Burgess, Carol Kane, Jon Hamm, Daniel Radcliffe, Lauren Adams, Sara Chase, Sol Miranda, Amy Sedaris, Mike Carlsen, Dylan Gelula, Chris Parnell, Heidi Gardner, Jack McBrayer, Zak Orth, Fred Armisen, Johnny Knoxville",United States,"May 12, 2020",2020,TV-14,190 min,Comedies,"It's an interactive Kimmy special! Kimmy's getting married, but first she has to foil the Reverend's evil plot. It's your move: What should she do next?",7319,8
7326,s7327,Movie,Uncorked,Prentice Penny,"Mamoudou Athie, Courtney B. Vance, Niecy Nash, Sasha Compère, Bernard D. Jones, Gil Ozeri, Matt McGorry, Meera Rohit Kumbhani",United States,"March 27, 2020",2020,TV-MA,104 min,"Dramas, Independent Movies",A young man feels torn between his dream of becoming a master sommelier and his father’s expectations that he’ll take over the family barbecue business.,7326,1
7370,s7371,Movie,Uppity: The Willy T. Ribbs Story,"Nate Adams, Adam Carolla",Willy T. Ribbs,United States,"February 5, 2020",2020,TV-MA,106 min,"Documentaries, Sports Movies","This documentary profiles a defiant driver who challenged racial barriers in American auto racing, becoming the first black man to race in the Indy 500.",7370,8
7389,s7390,Movie,Vampires vs. the Bronx,Oz Rodriguez,"Jaden Michael, Gerald W. Jones III, Gregory Diaz IV, Sarah Gadon, Method Man, Shea Whigham, Coco Jones, The Kid Mero, Chris Redd, Vladimir Caamaño, Jeremie Harris, Adam David Thompson, Zoe Saldana",United States,"October 2, 2020",2020,PG-13,86 min,"Comedies, Horror Movies",Three gutsy kids from a rapidly gentrifying Bronx neighborhood stumble upon a sinister plot to suck all the life from their beloved community.,7389,7
7505,s7506,Movie,We Can Be Heroes,Robert Rodriguez,"YaYa Gosselin, Pedro Pascal, Priyanka Chopra, Isaiah Russell-Bailey, Akira Akbar, Christian Slater, Boyd Holbrook, Adriana Barraza, Taylor Dooley, Vivien Lyra Blair, Hala Finley, Lyon Daniels, Sung Kang, Christopher McDonald, Andy Walken, Lotus Blossom, Haley Reinhart, Nathan Blair, Dylan Henry Lau, Andrew Diaz",United States,"December 25, 2020",2020,PG,101 min,"Children & Family Movies, Comedies","When alien invaders capture Earth’s superheroes, their kids must learn to work together to save their parents — and the planet.",7505,6
7529,s7530,Movie,Welcome to Sudden Death,Dallas Jackson,"Michael Jai White, Michael Eklund, Sabryn Rock, Nakai Takawira, Lyric Justice, Sagine Semajuste, Gary Owen, Anthony Grant, Kristen Harris, BJ Verot, Sean Skene, Marrese Crump, Stephanie Sy, Jeff Strome, Adam Hurtig, Gillian White, Anthony J. Mifsud",United States,"September 29, 2020",2020,R,80 min,Action & Adventure,"At a basketball game, an ex-Special Forces officer must face a group of tech-savvy hostiles when a team owner and his daughter are taken hostage.",7529,7
7549,s7550,Movie,WHAT DID JACK DO?,David Lynch,David Lynch,United States,"January 20, 2020",2020,TV-14,17 min,"Dramas, Independent Movies",A detective interrogates a monkey who is suspected of murder.,7549,2
7569,s7570,Movie,What Would Sophia Loren Do?,Ross Kauffman,"Nancy ""Vincenza Careri"" Kulik, Sophia Loren",United States,"January 15, 2021",2021,TV-14,32 min,Documentaries,"In this delightful short documentary, an Italian American grandmother and film buff finds strength and joy in the life of her screen idol, Sophia Loren.",7569,7
7576,s7577,Movie,Wheels of Fortune,Shaun Paul Piccinino,"Matt Jones, Noureen DeWulf, John Ducey, Matty Cardarople, Jeff Fahey, Christina Moore, Gabriel Tigerman, Ali Afshar, Tyler Jacob Moore, Jessica Serfaty",United States,"November 1, 2020",2020,R,107 min,"Comedies, Sports Movies","To claim a big inheritance, a down-on-his-luck mechanic must win a series of competitions as outlined in his birth father's will.",7576,4
7662,s7663,Movie,Work It,Laura Terruso,"Sabrina Carpenter, Jordan Fisher, Liza Koshy, Keiynan Lonsdale, Michelle Buteau, Drew Ray Tanner",United States,"August 7, 2020",2020,TV-14,94 min,Comedies,A brilliant but clumsy high school senior vows to get into her late father’s alma mater by transforming herself and a misfit squad into dance champions.,7662,1
7710,s7711,Movie,"Yes, God, Yes",Karen Maine,"Natalia Dyer, Timothy Simons, Wolfgang Novogratz, Francesca Reale, Susan Blackwell, Alisha Boe, Donna Lynne Champlin, Parker Wierling",United States,"October 22, 2020",2020,R,78 min,"Comedies, Dramas, Independent Movies","A devoutly religious teen grapples with her own sexual awakening, and attends a Catholic school retreat in the hopes of suppressing her newfound urges.",7710,6
7722,s7723,Movie,You Are My Home,Amanda Raymond,"Alyssa Milano, Angel Parker, Cristián de la Fuente, Eva Ariel Binder, Joel Steingold",United States,"December 4, 2020",2020,TV-PG,93 min,"Children & Family Movies, Dramas","After becoming separated from her family, a young girl finds herself in the care of a heartbroken woman who faces her own struggles.",7722,8
