,type,Titulo_movie,cast,country,date_added,release_year,rating,Duration_movie,description,number
5253,Movie,What Would Sophia Loren Do?,"Nancy ""Vincenza Careri"" Kulik, Sophia Loren",United States,"January 15, 2021",2021,TV-14,32 min,"In this delightful short documentary, an Italian American grandmother and film buff finds strength and joy in the life of her screen idol, Sophia Loren.",8
1080,Movie,"Crack: Cocaine, Corruption & Conspiracy",,United States,"January 11, 2021",2021,TV-MA,90 min,"A cheap, powerful drug emerges during a recession, igniting a moral panic fueled by racism. Explore the complex history of crack in the 1980s.",3
4663,Movie,The Night Clerk,"Tye Sheridan, Ana de Armas, Helen Hunt, John Leguizamo, Johnathon Schaech, Jacque Gray",United States,"June 6, 2020",2020,R,90 min,"After a charming guest checks in, a voyeuristic hotel clerk on the autism spectrum becomes a suspect in a murder that takes place during his shift.",8
1620,Movie,Full Out 2: You Got This!,"Sydney Cope, Logan Edra, Liza Wilk, Braedyn Bruner, Billie Merritt",United States,"January 1, 2021",2020,TV-Y,91 min,"With a championship on the line, Chayse and her gymnastics team look to a local break-dancer for all the right moves to rise above their competition.",8
4669,Movie,The Old Guard,"Charlize Theron, KiKi Layne, Marwan Kenzari, Luca Marinelli, Harry Melling, Van Veronica Ngo, Matthias Schoenaerts, Chiwetel Ejiofor",United States,"July 10, 2020",2020,R,126 min,Four undying warriors who've secretly protected humanity for centuries become targeted for their mysterious powers just as they discover a new immortal.,3
1962,Movie,Horse Girl,"Alison Brie, Debby Ryan, Paul Reiser, John Reynolds, Molly Shannon, John Ortiz, Meredith Hagner, Jake Picking, David Paymer, Jay Duplass",United States,"February 7, 2020",2020,R,104 min,"A sweet misfit with a fondness for crafts, horses and supernatural crime shows finds her increasingly lucid dreams trickling into her waking life.",1
4718,Movie,The Princess Switch: Switched Again,"Vanessa Hudgens, Nick Sagar, Sam Palladio, Mia Lloyd, Lachlan Nieboer, Ricky Norwood, Florence Hall, Suanne Braun, Mark Fleischmann",United States,"November 19, 2020",2020,TV-G,97 min,"When Margaret's Christmas coronation complicates her love life, her double Stacy steps in to save the day. But will a third look-alike ruin their plan?",9
1574,Movie,Fortune Feimster: Sweet & Salty,Fortune Feimster,United States,"January 21, 2020",2020,TV-MA,61 min,"Actor, comedian and writer Fortune Feimster takes the stage and riffs on her southern roots, sexual awakenings, showbiz career and more.",4
1420,Movie,Eric Andre: Legalize Everything,Eric André,United States,"June 23, 2020",2020,TV-MA,52 min,"Eric Andre takes the stage in New Orleans and tackles flawed fast-food icons, the wonders of autofill and the bizarre choice for the ""Cops"" theme song.",3
1429,Movie,Eurovision Song Contest: The Story of Fire Saga,"Will Ferrell, Rachel McAdams, Dan Stevens, Melissanthi Mahut, Mikael Persbrandt, Ólafur Darri Ólafsson, Graham Norton, Demi Lovato, Pierce Brosnan",United States,"June 26, 2020",2020,PG-13,124 min,"Two small-town singers chase their pop star dreams at a global music competition, where high stakes, scheming rivals and onstage mishaps test their bond.",2
1456,Movie,Extraction,"Chris Hemsworth, Rudhraksh Jaiswal, Randeep Hooda, Golshifteh Farahani, Pankaj Tripathi, David Harbour",United States,"April 24, 2020",2020,R,117 min,A hardened mercenary's mission becomes a soul-searching race to survive when he's sent into Bangladesh to rescue a drug lord's kidnapped son.,3
1674,Movie,George Lopez: We'll Do It For Half,George Lopez,United States,"June 30, 2020",2020,TV-MA,52 min,"Comedian George Lopez tackles the future and the past of Latinx culture in America, touching on immigration, his tough relatives, aging and much more.",8
1715,Movie,Giving Voice,"Viola Davis, Denzel Washington, Stephen Henderson, Freedom Martin, Nia Sarfo, Cody Merridith, Gerardo Navarro, Aaron Guy, Callie Holley",United States,"December 11, 2020",2020,PG-13,91 min,"Six ambitious student actors audition for the prestigious August Wilson Monologue Competition, culminating in a riveting final round on Broadway.",1
1498,Movie,Feel the Beat,"Sofia Carson, Wolfgang Novogratz, Donna Lynne Champlin, Eva Hauge, Rex Lee, Brandon Kyle Goodman, Lidya Jewett, Sadie Lapidus, Johanna Colón, Shaylee Mansfield, Shiloh Nelson, Justin Allan, Carina Battrick, Kai Zen, Marissa Jaret Winokur, Enrico Colantoni, Dennis Andres",United States,"June 19, 2020",2020,TV-G,110 min,"After blowing a Broadway audition, a self-centered dancer reluctantly returns home and agrees to coach a squad of young misfits for a big competition.",1
4721,Movie,The Prom,"Meryl Streep, James Corden, Nicole Kidman, Kerry Washington, Andrew Rannells, Keegan-Michael Key, Jo Ellen Pellman, Ariana DeBose, Mary Kay Place, Kevin Chamberlin, Tracey Ullman, Logan Riley, Sofia Deler, Nico Greetham, Nathaniel J. Potvin",United States,"December 11, 2020",2020,PG-13,132 min,A group of down-on-their-luck Broadway stars shake up a small Indiana town as they rally behind a teen who just wants to attend prom with her girlfriend.,5
1914,Movie,Hillbilly Elegy,"Amy Adams, Glenn Close, Gabriel Basso, Haley Bennett, Freida Pinto, Bo Hopkins, Owen Asztalos",United States,"November 24, 2020",2020,R,117 min,"An urgent phone call pulls a Yale Law student back to his Ohio hometown, where he reflects on three generations of family history and his own future.",3
4568,Movie,The Last Thing He Wanted,"Anne Hathaway, Ben Affleck, Willem Dafoe, Toby Jones, Rosie Perez, Edi Gathegi, Mel Rodriguez, Onata Aprile",United States,"February 21, 2020",2020,R,116 min,A hard-hitting reporter becomes entangled in the story she’s trying to break when she helps her ailing father broker an arms deal in Central America.,3
1932,Movie,Holidate,"Emma Roberts, Luke Bracey, Kristin Chenoweth, Frances Fisher, Jessica Capshaw, Andrew Bachelor, Cynthy Wu, Alex Moffat, Manish Dayal",United States,"October 28, 2020",2020,TV-MA,105 min,"Fed up with being single on holidays, two strangers agree to be each other's platonic plus-ones all year long, only to catch real feelings along the way.",8
4556,Movie,The Last Days of American Crime,"Edgar Ramírez, Michael Pitt, Anna Brewster, Patrick Bergin, Sharlto Copley, Brandon Auret, Tamer Burjaq, Terence Maynard, James Richard Marshall",United States,"June 5, 2020",2020,TV-MA,149 min,"A bank robber joins a plot to commit one final, historic heist before the government turns on a mind-altering signal that will end all criminal behavior.",1
1489,Movie,Fatal Affair,"Nia Long, Omar Epps, Stephen Bishop, Maya Stojan, Aubrey Cleland, Carolyn Hennesy",United States,"July 16, 2020",2020,TV-14,90 min,A lawyer is caught in a terrifying game of cat and mouse when a drink with an old friend escalates into an obsession that jeopardizes everyone she loves.,6
1488,Movie,Fat Ballerina - David A. Arnold,David A. Arnold,United States,"March 2, 2020",2020,TV-MA,61 min,"Finally comfortable in his skin, seasoned comic David A. Arnold shares his talent for doing nothing, how he's petty and why divorce saves marriages.",6
1995,Movie,Hubie Halloween,"Adam Sandler, Kevin James, Julie Bowen, Ray Liotta, Steve Buscemi, Maya Rudolph, Rob Schneider, June Squibb, Kenan Thompson, Tim Meadows, Michael Chiklis, Karan Brar, George Wallace, Paris Berelc, Noah Schnapp, China Anne McClain, Colin Quinn, Kym Whitley, Lavell Crawford, Mikey Day, Jackie Sandler, Sadie Sandler, Sunny Sandler",United States,"October 7, 2020",2020,PG-13,104 min,"Hubie's not the most popular guy in Salem, Mass., but when Halloween turns truly spooky, this good-hearted scaredy-cat sets out to keep his town safe.",5
4974,Movie,Tom Segura: Ball Hog,Tom Segura,United States,"March 24, 2020",2020,TV-MA,70 min,"Tom Segura scores laughs with uncomfortably candid stories about mothers, fathers, following your dreams — and other things you'd rather not think about.",4
2049,Movie,I'm Thinking of Ending Things,"Jessie Buckley, Jesse Plemons, Toni Collette, David Thewlis, Guy Boyd",United States,"September 4, 2020",2020,R,135 min,Nothing is as it seems when a woman experiencing misgivings about her new boyfriend joins him on a road trip to meet his parents at their remote farm.,8
2057,Movie,If Anything Happens I Love You,,United States,"November 20, 2020",2020,PG,13 min,Grieving parents journey through an emotional void as they mourn the loss of a child in the aftermath of a tragic school shooting.,8
1860,Movie,Have a Good Trip: Adventures in Psychedelics,"Nick Offerman, Adam Scott",United States,"May 11, 2020",2020,TV-MA,86 min,"Explore hallucinogenic highs and lows as celebrities share funny, mind-blowing tales via animations, reenactments and more in this documentary.",9
1838,Movie,Hard Kill,"Jesse Metcalfe, Bruce Willis, Natalie Eva Marie, Lala Kent, Texas Battle, Swen Temmel, Sergio Rizzuto, Tyler Jon Olson, Jon Galanis",United States,"November 23, 2020",2020,R,98 min,"When a billionaire hires a team of mercenaries for protection, they soon realize world-changing technology and his daughter’s life are also at stake.",1
4639,Movie,The Midnight Sky,"George Clooney, Felicity Jones, Kyle Chandler, Demián Bichir, David Oyelowo, Tiffany Boone, Caoilinn Springall, Sophie Rundle, Ethan Peck",United States,"December 23, 2020",2020,PG-13,119 min,"In the aftermath of a global catastrophe, a lone scientist in the Arctic races to contact a crew of astronauts with a warning not to return to Earth.",4
4973,Movie,Tom Papa: You're Doing Great!,Tom Papa,United States,"February 4, 2020",2020,TV-14,60 min,"Comedian Tom Papa takes on body image issues, social media, pets, Staten Island, the ""old days"" and more in a special from his home state of New Jersey.",7
4616,Movie,The Main Event,"Seth Carr, Tichina Arnold, Adam Pally, Ken Marino, Mike 'The Miz' Mizanin, Momona Tamada, Keith Lee, Babatunde Aiyegbusi, Kofi Kingston",United States,"April 10, 2020",2020,TV-G,103 min,"Using special powers from a magical mask, a young WWE fan causes chaos when he enters a wrestling competition and fights an intimidating rival.",3
4614,Movie,The Magic School Bus Rides Again Kids In Space,"Kate McKinnon, Matthew Mucci, Mikaela Blake, Gabby Clarke, Roman Lutterotti, Leke Maceda-Rustecki, Birva Pandya, Lynsey Pham, Kaden Stephen",United States,"August 7, 2020",2020,TV-Y,46 min,The Magic School Bus kids blast into orbit — and onto the International Space Station — only to find themselves on the run from a giant tardigrade!,3
4607,Movie,The Lovebirds,"Issa Rae, Kumail Nanjiani, Paul Sparks, Anna Camp, Kyle Bornheimer, Nicholas X. Parsons, Andrene Ward-Hammond, Catherine Cohen, Barry Rothbart",United States,"May 22, 2020",2020,R,87 min,"When a couple in the fast lane to splitsville accidentally careens into a murder, they take off on a wild race to find the killer and clear their names.",3
4603,Movie,The Lost Husband,"Leslie Bibb, Josh Duhamel, Nora Dunn, Sharon Lawrence, Callie Hope Haverda, Roxton Garcia",United States,"August 10, 2020",2020,PG-13,110 min,"Looking to start anew, a widow retreats with her children to her aunt's goat farm, where the ranch's manager helps her navigate country life and loss.",9
4791,Movie,The Sleepover,"Sadie Stanley, Maxwell Simkins, Ken Marino, Malin Akerman, Cree Cicchino, Lucas Jaye, Karla Souza, Enuka Okuma, Erik Griffin, Joe Manganiello",United States,"August 21, 2020",2020,TV-PG,104 min,What do you do if your parents are kidnapped by a crew of international thieves? You begin a wild overnight adventure — complete with spy gear.,5
1787,Movie,Guest House,"Pauly Shore, Mike Castle, Aimee Teegarden, Billy Zane, Charlotte McKinney, Louis Ferrigno,  Jr., Erik Griffin, Bobby Lee, Punkie Johnson, Mikaela Hoover, Chris Kattan, Steve-O",United States,"December 18, 2020",2020,R,84 min,The only downside to a young couple’s new dream home — and fresh start — is the nightmare of the raucous houseguest in back who refuses to leave.,1
5022,Movie,Tremors: Shrieker Island,"Michael Gross, Jon Heder, Caroline Langrishe, Cassie Clare, Matthew Douglas, Sahajak Boonthanakit, David Asavanond, Jackie Cruz, Richard Brake",United States,"October 20, 2020",2020,PG-13,102 min,"When massive mutant creatures infiltrate an island nature preserve, scientists recruit a legendary monster hunter to battle the beasts.",5
1038,Movie,Coffee & Kareem,"Ed Helms, Taraji P. Henson, Terrence Little Gardenhigh, Betty Gilpin",United States,"April 3, 2020",2020,TV-MA,88 min,An inept Detroit cop must team up with his girlfriend's foul-mouthed young son when their first crack at bonding time uncovers a criminal conspiracy.,5
1070,Movie,Cops and Robbers,Timothy Ware-Hill,United States,"December 28, 2020",2020,PG-13,8 min,Animation and activism unite in this multimedia spoken-word response to police brutality and racial injustice.,9
4952,Movie,To All the Boys: P.S. I Still Love You,"Lana Condor, Noah Centineo, Jordan Fisher, Anna Cathcart, Janel Parrish, Ross Butler, Madaleine Arthur, Emilija Baranac, Trezzo Mahoro, Holland Taylor, Sarayu Blue, John Corbett",United States,"February 12, 2020",2020,TV-14,102 min,"Lara Jean is officially Peter’s girlfriend, so everything should be perfect, right? But feelings grow complicated when an old crush reenters her life.",7
1007,Movie,Circus of Books,,United States,"April 22, 2020",2020,TV-MA,87 min,"For decades, a nice Jewish couple ran Circus of Books, a porn shop and epicenter for gay LA. Their director daughter documents their life and times.",4
1111,Movie,Da 5 Bloods,"Delroy Lindo, Jonathan Majors, Clarke Peters, Norm Lewis, Isiah Whitlock Jr., Mélanie Thierry, Paul Walter Hauser, Jasper Pääkkönen, Johnny Nguyen, Chadwick Boseman",United States,"June 12, 2020",2020,R,156 min,Four African American veterans return to Vietnam decades after the war to find their squad leader's remains — and a stash of buried gold. From Spike Lee.,6
1131,Movie,Dangerous Lies,"Camila Mendes, Jessie T. Usher, Jamie Chung, Cam Gigandet, Sasha Alexander, Elliott Gould",United States,"April 30, 2020",2020,TV-14,97 min,"A broke caregiver unexpectedly inherits her patient's estate, but dark secrets swirl around her newfound wealth, tangling her in deceit and danger.",5
980,Movie,Chris D'Elia: No Pain,Chris D'Elia,United States,"April 14, 2020",2020,TV-MA,55 min,Chris D'Elia takes the stage in Minneapolis to offer his thoughts on everything from self-censorship to problematic dolphins to lame mutant powers.,1
837,Movie,Bulletproof 2,"Faizon Love, Kirk Fox, Tony Todd, Pearl Thusi, Cassie Clare, Fiona Ramsey, Neels Clasen, Roxy Nel",United States,"January 9, 2020",2020,TV-MA,97 min,A special agent abruptly reunites with a criminal – once a former friend – when he attempts to use his identity to infiltrate and take down a cartel.,5
4936,Movie,Tigertail,"Tzi Ma, Christine Ko, Hong-Chi Lee, Hayden Szeto, Kunjue Li, Fiona Fu, James Saito, Joan Chen",United States,"April 10, 2020",2020,PG,91 min,A man reflects on the lost love of his youth and his long-ago journey from Taiwan to America as he begins to reconnect with his estranged daughter.,5
1492,Movie,Father Soldier Son,,United States,"July 17, 2020",2020,R,100 min,"After a single father is severely wounded in Afghanistan, he and his sons embark on a journey of sacrifice and a search for redemption.",4
1720,Movie,Go! Go! Cory Carson: The Chrissy,"Alan C. Lim, Maisie Benson, Kerry Gudjohnsen, Terrance Smith, Paul Killam, Omari Weaver, Ella Joy Ballesteros, Smith Foreman, Stanley Moore",United States,"May 1, 2020",2020,TV-Y,42 min,"The Carson kids win a talent show with a dance that Cory created. But when ""The Chrissy"" catches on, his little sister gets all of the attention.",4
1389,Movie,Elf Pets: Santa’s Reindeer Rescue,"Brad Hyland, Drew Barber, Ashley Roberts, Lowrey Brown, Kristyl Tift, Manny Mahen, Olivia Berkeley, Eleanor Rocha",United States,"November 1, 2020",2020,TV-Y,27 min,"Determined to help Santa get ready for his merry rounds of gift-giving, a team of special elves wrangles in more reindeer and much-needed holiday magic.",2
1127,Movie,Dance Dreams: Hot Chocolate Nutcracker,Debbie Allen,United States,"November 27, 2020",2020,TV-G,81 min,"This documentary spotlights Debbie Allen's career and follows her group of dance students as they prepare for Allen's annual ""Hot Chocolate Nutcracker.""",4
4806,Movie,The Stand at Paxton County,"Jacqueline Toboni, Michael O'Neill, Tyler Jacob Moore, Christopher McDonald, Sean O'Bryan, Blake Sheldon, Zoe Kanters, Greg Perrow, Tanner Thomason",United States,"May 2, 2020",2020,R,103 min,A military veteran comes home to find her father harassed by a sheriff intent on confiscating the livestock on their ranch under shady pretenses.,3
4853,Movie,The Vanished,"Thomas Jane, Anne Heche, Jason Patric, John D. Hickman, Peter Facinelli, Alex Haydon, Aleksei Archer, Kristopher Wente",United States,"January 15, 2021",2020,R,115 min,"When their daughter disappears during a family vacation, two terrified parents launch their own investigation that soon exposes local secrets.",5
1311,Movie,Dragonheart: Vengeance,"Joseph Millson, Jack Kane, Helena Bonham Carter, Arturo Muselli, Carolina Carlsson, Tam Williams, Richard Ashton, Ross O'Hennessy, Cameron Jack, Fabienne Piolini-Castle",United States,"February 4, 2020",2020,PG-13,97 min,"When his family is slain by vicious savages, a young farmer teams with an ice-breathing dragon and sword-wielding mercenary to avenge their deaths.",6
1314,Movie,Dragons: Rescue Riders: Hunt for the Golden Dragon,"Noah Kaye Bentley, Brennley Brown, Zach Callison, Nicolas Cantu, Skai Jackson, Marsai Martin, Andre Robinson, Carlos Alazraqui, Jeff Bennett, Grey Griffin, Mary Elizabeth McGlynn",United States,"March 27, 2020",2020,TV-Y,46 min,"It's the treasure hunt of a lifetime for the Rescue Riders, who must race to find a precious golden dragon egg and protect it from evil pirates.",1
1315,Movie,Dragons: Rescue Riders: Huttsgalor Holiday,"Noah Kaye Bentley, Brennley Brown, Zach Callison, Nicolas Cantu, Skai Jackson, Marsai Martin, Andre Robinson, Carlos Alazraqui, Roshon Fegan, Grey Griffin, Brad Grusnick, Sam Lavagnino, John C. McGinley, Roger Craig Smith",United States,"November 24, 2020",2020,TV-Y,46 min,Snowfall marks the start of Odinyule — the Viking holiday of giving! But crazy weather might cancel the tradition unless the Rescue Riders can swoop in.,3
1316,Movie,Dragons: Rescue Riders: Secrets of the Songwing,"Noah Kaye Bentley, Brennley Brown, Zach Callison, Nicolas Cantu, Skai Jackson, Marsai Martin, Andre Robinson, Carlos Alazraqui, Renée Elise Goldsberry",United States,"July 24, 2020",2020,TV-Y,46 min,"When a musical dragon with a beautiful voice hypnotizes the dragons and people of Huttsgalor, the Rescue Riders have to find a way to break the spell.",5
4794,Movie,The Social Dilemma,"Skyler Gisondo, Kara Hayward, Vincent Kartheiser",United States,"September 9, 2020",2020,PG-13,94 min,"This documentary-drama hybrid explores the dangerous human impact of social networking, with tech experts sounding the alarm on their own creations.",2
4799,Movie,The Speed Cubers,,United States,"July 29, 2020",2020,TV-PG,41 min,This documentary captures the extraordinary twists and turns in the journeys of Rubik's Cube-solving champions Max Park and Feliks Zemdegs.,8
1268,Movie,Dolly Parton’s Christmas on the Square,"Dolly Parton, Christine Baranski, Treat Williams, Jenifer Lewis, Josh Segarra, Jeanine Mason, Mary Lane Haskell",United States,"November 22, 2020",2020,TV-PG,99 min,"Seasonal cheer comes to a screeching halt when a cold-hearted woman tries to sell her hometown's land. Can music, magic and memories change her mind?",6
885,Movie,Captain Underpants Mega Blissmas,"Nat Faxon, Jay Gragnani, Ramone Hamilton, Sean Astin, Dayci Brookshire, Jim Cummings, Jorge Diaz",United States,"December 4, 2020",2020,TV-Y7,46 min,Christmas gets weird — really weird — after George and Harold go back in time to change up a few of their beloved holiday's traditions.,5
1388,Movie,Elf Pets: A Fox Cub’s Christmas Tale,"Leslie Bellair, Brad Hyland, Brody Rose, Carol Aebersold",United States,"November 1, 2020",2020,TV-Y,28 min,An elite team of elves – and their furry fox cub friends – help bring the Christmas spirit to a boy whose mom may not make it home for the holidays.,4
1182,Movie,Death to 2020,"Samuel L. Jackson, Hugh Grant, Lisa Kudrow, Kumail Nanjiani, Tracey Ullman, Samson Kayo, Leslie Jones, Diane Morgan, Cristin Milioti, Joe Keery",United States,"December 27, 2020",2020,TV-MA,71 min,"As the year we all want to end finally does, take a look back at 2020's mad glory in this comedic retrospective from the creators of ""Black Mirror.""",6
4889,Movie,The Wrong Missy,"David Spade, Lauren Lapkus, Nick Swardson, Geoff Pierson, Jackie Sandler, Sarah Chalke, Rob Schneider, Chris Witaske, Joe Anoa'i, Molly Sims",United States,"May 13, 2020",2020,TV-MA,90 min,"Tim thinks he's invited the woman of his dreams on a work retreat to Hawaii, realizing too late he mistakenly texted someone from a nightmare blind date.",7
1210,Movie,Desperados,"Nasim Pedrad, Anna Camp, Lamorne Morris, Heather Graham, Robbie Amell, Sarah Burns, Jessica Chaffin",United States,"July 3, 2020",2020,TV-MA,107 min,"After drunkenly sending a cringeworthy email, hopeless romantic Wes heads to Mexico with her best friends to erase the note before her new love reads it.",8
1235,Movie,Dick Johnson Is Dead,,United States,"October 2, 2020",2020,PG-13,90 min,"As her father nears the end of his life, filmmaker Kirsten Johnson stages his death in inventive and comical ways to help them both face the inevitable.",3
3263,Movie,Operation Christmas Drop,"Kat Graham, Alexander Ludwig, Virginia Madsen, Janet Kidder, Jeff Joseph, Bethany Brown, Trezzo Mahoro, Rohan Campbell, Aliza Vellani, Aaron Douglas, Xavier de Guzman, Bruce Best",United States,"November 5, 2020",2020,TV-G,96 min,A by-the-book political aide falls for a big-hearted Air Force pilot while looking to shut down his tropical base and its airborne Christmas tradition.,5
4063,Movie,Straight Up,"James Sweeney, Katie Findlay, Randall Park, Hillary Anne Matthews, James Scully, Betsy Brandt",United States,"June 26, 2020",2020,TV-MA,96 min,"When a gay brainiac with OCD questions his identity, he enters a romantic relationship with a woman, leaving sex and physical intimacy out of it.",1
3380,Movie,Pete Davidson: Alive From New York,Pete Davidson,United States,"February 25, 2020",2020,TV-MA,50 min,"Comedian and ""SNL"" star Pete Davidson drops a candid and intimate stand-up special shot live in New York City.",1
4171,Movie,Taylor Tomlinson: Quarter-Life Crisis,Taylor Tomlinson,United States,"March 3, 2020",2020,TV-MA,61 min,"She's halfway through her 20s — and she's over it. Too old to party, too young to settle down, comedian Taylor Tomlinson takes aim at her life choices.",7
4014,Movie,Spenser Confidential,"Mark Wahlberg, Winston Duke, Alan Arkin, Bokeem Woodbine, Iliza Shlesinger, Hope Olaide Wilson, Marc Maron",United States,"March 6, 2020",2020,R,111 min,"Spenser, an ex-cop and ex-con, teams up with aspiring fighter Hawk to uncover a sinister conspiracy tied to the deaths of two Boston police officers.",7
4013,Movie,Spelling the Dream,,United States,"June 3, 2020",2020,TV-G,83 min,"Following four hopeful competitors, this documentary explores Indian Americans' decades-long success at the biggest spelling contest in the U.S.",7
3469,Movie,Project Power,"Jamie Foxx, Joseph Gordon-Levitt, Dominique Fishback, Rodrigo Santoro, Courtney B. Vance, Amy Landecker, Machine Gun Kelly, Tait Fletcher, Allen Maldonado, Andrene Ward-Hammond",United States,"August 14, 2020",2020,R,113 min,"An ex-soldier, a teen and a cop collide in New Orleans as they hunt for the source behind a dangerous new pill that grants users temporary superpowers.",8
2984,Movie,Mucho Mucho Amor: The Legend of Walter Mercado,Walter Mercado,United States,"July 8, 2020",2020,TV-14,96 min,"Dazzling and tender-hearted, legendary astrologer Walter Mercado vanished at the peak of his fame. This documentary poignantly explains what happened.",5
4018,Movie,Spirit Riding Free: Ride Along Adventure,"Amber Frank, Bailey Gambertoglio, Sydney Park, Katey Sagal, Rachel Kimsey, Darcy Rose Byrnes, Duncan Joiner, Bella Aboulhosn, Kai Scott",United States,"December 8, 2020",2020,TV-Y7,79 min,Join Lucky and her friends on an interactive mission to save Maricela’s beloved mare from greedy horse thieves who've taken her captive with a wild herd.,6
4089,Movie,Sugar High,Hunter March,United States,"July 31, 2020",2020,TV-G,44 min,"Talented sugar artists compete for $10,000 over two rounds of competition — candy and sugar sculpture — in this ""Sugar Rush"" spinoff special.",5
3089,Movie,Natalie Palamides: Nate - A One Man Show,Natalie Palamides,United States,"December 1, 2020",2020,TV-MA,60 min,"Tough talk takes a soft turn as Nate, played by comedian Natalie Palamides, explores humor, heartbreak, sexuality and consent — with a live audience.",7
3148,Movie,Norm of the North: Family Vacation,"Andrew Toth, Lisa Durupt, Jonathan Holmes, Paul Dobson, Cole Howard, Brian Drummond, Jennifer Cameron",United States,"May 25, 2020",2020,TV-Y7,89 min,"Stressed by his duties as king and father, Norm must secretly find his stolen crown while taking his family on a much-needed vacation.",5
2958,Movie,Mosul,"Suhail Dabbach, Adam Bessa, Is'haq Elias, Qutaiba Abdelhaq, Ahmad El Ghanem, Hicham Ouarqa, Mohimen Mahbuba, Thaer Al-Shayei, Abdellah Bensaid, Faycal Attougui, Mohamed Attougui, Tarik Belmekki, Hayat Kamille, Seema Al Khalidi, Waleed Algadi",United States,"November 26, 2020",2020,TV-MA,103 min,"After his life is saved by a rogue Iraqi squadron, a young police officer joins them in their fight against ISIS in a decimated Mosul.",1
3677,Movie,Roped,"Josh Swickard, Casper Van Dien, Lorynn York, Christina Moore, John Schneider, Michael Roark, Shane Graham, Cooper Lundeen, Javicia Leslie, Spencer Neville",United States,"May 2, 2020",2020,PG,90 min,A star cowboy in a traveling rodeo gets thrown off course when he falls in love with the daughter of a tough-minded town councilman.,4
3735,Movie,Sam Jay: 3 In The Morning,Sam Jay,United States,"August 4, 2020",2020,TV-MA,64 min,"Comedian and ""Saturday Night Live"" writer Sam Jay serves up fresh takes on relationships, travel nightmares, the audacity of white people and more.",5
882,Movie,Canvas,,United States,"December 11, 2020",2020,G,9 min,"After a heartbreaking loss, a grandfather struggling to reclaim his passion for painting finds the inspiration to create again.",6
3879,Movie,Shawn Mendes: In Wonder,Shawn Mendes,United States,"November 23, 2020",2020,TV-MA,83 min,"Over the course of a world tour, this unguarded documentary follows Shawn Mendes as he opens up about his stardom, relationships and musical future.",7
3761,Movie,Sarah Cooper: Everything's Fine,"Sarah Cooper, Fred Armisen, Maya Rudolph, Ben Stiller, Megan Thee Stallion, Jane Lynch, Jon Hamm, Aubrey Plaza, Connie Chung, Jordan Black, Tommy Davidson, Helen Mirren, Jonathan Van Ness, Danielle Brooks, Winona Ryder, Marcella Arguello, Eddie Pepitone, Marisa Tomei, Whoopi Goldberg, Tom Kane",United States,"October 27, 2020",2020,TV-MA,50 min,"Comedian and Trump lip-synching sensation Sarah Cooper tackles politics, race and other light topics in a sketch special packed with celebrity guests.",5
3842,Movie,Sergio,"Wagner Moura, Ana de Armas, Brían F. O'Byrne, Clemens Schick, Bradley Whitford",United States,"April 17, 2020",2020,R,119 min,"Passions, ideals and bitter realities collide as charismatic UN diplomat Sergio Vieira de Mello becomes trapped in a life-threatening situation in Iraq.",3
3827,Movie,Secrets of the Saqqara Tomb,,United States,"October 28, 2020",2020,TV-PG,114 min,"After unearthing a tomb that had been untouched for 4,400 years, Egyptian archaeologists attempt to decipher the history of the extraordinary find.",5
3617,Movie,Riding Faith,"John Schneider, T.C. Stallings, Grace Van Dien, Marisa Brown, Jimmy Deshler",United States,"June 17, 2020",2020,TV-PG,81 min,"Following her father's death, a young woman struggles to help her mother keep the family ranch afloat while preserving a special bond with her horse.",3
3638,Movie,"Rob Schneider: Asian Momma, Mexican Kids",Rob Schneider,United States,"August 11, 2020",2020,TV-MA,44 min,"Former ""Saturday Night Live"" star Rob Schneider returns to the stage and shares his take on life, love and dinosaur dreams in this stand-up special.",4
3656,Movie,Rogue Warfare: The Hunt,"Will Yun Lee, Jermaine Love, Rory Markham, Bertrand-Xavier Corbi, Katie Keene, Fernando Chien, Gina DeCesare, Michael Blalock, Chris Mulkey, Stephen Lang",United States,"August 1, 2020",2020,R,104 min,"When their leader is captured by an extremist organization, a special forces team stages a perilous rescue mission as time runs out.",8
3593,Movie,Residue,"Obinna Nwachukwu, Dennis Lindsey, Taline Stewart, Derron Scott, Jamal Graham, JaCari Dye, Julian Selman, Melody Tally, Ramon Thompson, Hasinatu Camara",United States,"September 17, 2020",2020,TV-MA,90 min,A young screenwriter returns to his hometown to write a script based on his childhood and discovers his neighborhood has been gentrified.,8
4476,Movie,The Half Of It,"Leah Lewis, Daniel Diemer, Alexxis Lemire, Wolfgang Novogratz, Collin Chou, Becky Ann Baker, Enrique Murciano, Macintyre Dixon, Catherine Curtin",United States,"May 1, 2020",2020,PG-13,105 min,"When smart but cash-strapped teen Ellie Chu agrees to write a love letter for a jock, she doesn't expect to become his friend — or fall for his crush.",6
2412,Movie,Kiss the Ground,Woody Harrelson,United States,"September 22, 2020",2020,TV-G,85 min,Science experts and celebrity activists unpack the ways in which the earth's soil may be the key to combating climate change and preserving the planet.,7
4382,Movie,The Devil All The Time,"Tom Holland, Bill Skarsgård, Riley Keough, Robert Pattinson, Mia Wasikowska, Jason Clarke, Sebastian Stan, Haley Bennett, Harry Melling, Eliza Scanlen",United States,"September 16, 2020",2020,R,139 min,Sinister characters converge around a young man devoted to protecting those he loves in a postwar backwoods town teeming with corruption and brutality.,1
2489,Movie,Larry the Cable Guy: Remain Seated,Larry the Cable Guy,United States,"November 26, 2020",2020,TV-14,68 min,"With his signature call to ""Git-R-Done,"" Larry muses on swampy weather, late-night shopping at Walmart and other raunchy tales of life in rural America.",9
4376,Movie,The Debt Collector 2,"Scott Adkins, Louis Mandylor, Vladimir Kulich, Marina Sirtis, Ski Carr, Charity Collins, Mayling Ng, Josef Cannon, Jermaine Jacox, Vernon Wells",United States,"August 31, 2020",2020,TV-MA,97 min,"French and Sue have two days to collect on three debts, using as much force as it takes – all while evading the wrath of a crime lord out for revenge.",3
2532,Movie,Leslie Jones: Time Machine,Leslie Jones,United States,"January 14, 2020",2020,TV-MA,66 min,"From trying to seduce Prince to battling sleep apnea, Leslie Jones traces her evolution as an adult in a joyfully raw and outrageous stand-up special.",4
2237,Movie,Jingle Jangle: A Christmas Journey,"Forest Whitaker, Keegan-Michael Key, Hugh Bonneville, Anika Noni Rose, Madalen Mills, Phylicia Rashad, Ricky Martin, Justin Cornwell, Sharon Rose, Lisa Davina Phillip, Kieron Dyer",United States,"November 13, 2020",2020,PG,124 min,"Decades after his trusted apprentice betrayed him, a once-joyful toymaker finds new hope when his kind and curious granddaughter comes into his life.",7
2242,Movie,Jo Koy: In His Elements,"Jo Koy, Andrew Lopez, Joey Guila, Andrew Orolfo",United States,"June 12, 2020",2020,TV-MA,55 min,"Jo Koy brings the laughs and beats to Manila, spotlighting local culture in a one-of-a-kind show featuring Filipino American comedians, DJs and B-boys.",2
2849,Movie,Michelle Buteau: Welcome to Buteaupia,Michelle Buteau,United States,"September 29, 2020",2020,TV-MA,59 min,"Scene-stealing queen Michelle Buteau dazzles with real talk on relationships, parenthood, cultural differences and the government workers who adore her.",1
4441,Movie,The Forty-Year-Old Version,"Radha Blank, Peter Kim, Oswin Benjamin, Imani Lewis, Haskiri Velazquez, Antonio Ortiz, T.J. Atoms, Reed Birney",United States,"October 9, 2020",2020,R,124 min,"Desperate for a breakthrough as she nears the big 4-0, struggling New York City playwright Radha finds inspiration by reinventing herself as a rapper.",8
4338,Movie,The Claudia Kishi Club,,United States,"July 10, 2020",2020,TV-14,17 min,"Asian American creatives pay passionate tribute to the iconic, stereotype-busting ""Baby-Sitters Club"" character in this heartfelt documentary short.",7
2257,Movie,John Henry,"Terry Crews, Ludacris, Jamila Velazquez, J.J. Soria, Ken Foree, Daffany Clark, Kimberly Hébert-Gregory, Tyler Alvarez",United States,"May 9, 2020",2020,R,92 min,A reformed LA gang member upends his peaceful new life when he steps in to protect two young immigrants from his violent former leader.,8
2735,Movie,MANK,"Gary Oldman, Amanda Seyfried, Charles Dance, Lily Collins, Arliss Howard, Tom Pelphrey, Sam Troughton, Ferdinand Kingsley, Tuppence Middleton, Tom Burke, Joseph Cross, Jamie McShane, Toby Leonard Moore, Monika Gossmann",United States,"December 4, 2020",2020,R,133 min,1930s Hollywood is reevaluated through the eyes of scathing wit and alcoholic screenwriter Herman J. Mankiewicz as he races to finish “Citizen Kane.”,9
2751,Movie,Marc Maron: End Times Fun,Marc Maron,United States,"March 10, 2020",2020,TV-MA,71 min,"Marc Maron wades through a swamp of vitamin hustlers, evangelicals and grown male nerd children, culminating in a gleefully filthy end-times fantasy.",5
4248,Movie,The Babysitter: Killer Queen,"Judah Lewis, Jenna Ortega, Emily Alyn Lind, Andrew Bachelor, Robbie Amell, Bella Thorne, Hana Mae Lee, Ken Marino, Leslie Bibb, Chris Wylde, Carl McDowell",United States,"September 10, 2020",2020,TV-MA,102 min,"Two years after Cole survived a satanic blood cult, he's living another nightmare: high school. And the demons from his past? Still making his life hell.",9
4237,Movie,The App That Stole Christmas,"Jackie Long, Diane Marie Howard, Jaylin Hall, Miguel A. Núñez Jr., Ray J, JayQ The Legend, J. Anthony Brown, Kenny Rhodes, Amber Cosich",United States,"November 20, 2020",2020,TV-PG,64 min,"A tech entrepreneur's Christmas shopping app is a smashing success, but he starts to realize his invention might be ruining the holiday spirit.",2
2211,Movie,Jerry Seinfeld: 23 Hours To Kill,Jerry Seinfeld,United States,"May 5, 2020",2020,TV-PG,61 min,"Jerry Seinfeld takes the stage in New York and tackles talking vs. texting, bad buffets vs. so-called ""great"" restaurants and the magic of Pop Tarts.",5
2886,Movie,Miss Americana,Taylor Swift,United States,"January 31, 2020",2020,TV-MA,85 min,"In this revealing documentary, Taylor Swift embraces her role as a songwriter and performer — and as a woman harnessing the full power of her voice.",8
4209,Movie,The 2nd,"Ryan Phillippe, Casper Van Dien, Jack Griffo, Lexi Simonsen, Richard Burgi, William Katt, Samaire Armstrong, William McNamara, Jacob Grodnik",United States,"November 30, 2020",2020,TV-MA,93 min,"A Secret Service agent is drawn into a terrorist plot when his son's classmate, the daughter of a Supreme Court Justice, is targeted for kidnapping.",8
2602,Movie,London Hughes: To Catch a D*ck,London Hughes,United States,"December 22, 2020",2020,TV-MA,68 min,Bawdy comedian and television presenter London Hughes revisits her past in this acclaimed breakout special filled with unfiltered tales and wild stories.,5
2720,Movie,Malibu Rescue: The Next Wave,"Ricardo Hurtado, Breanna Yde, Jackie R. Jacobson, Abby Donnelly, Alkoya Brunson, Jeff Meacham, Ella Gross, Carlos Sanson, JT Neal, Camaron Engels, Kirrilee Berger",United States,"August 4, 2020",2020,TV-G,71 min,"As summer returns to Malibu, Team Flounder takes to the beach to host — and unexpectedly compete in — the International Beachmaster Competition.",5
2617,Movie,Lost Girls,"Amy Ryan, Gabriel Byrne, Thomasin McKenzie, Lola Kirke, Oona Laurence, Dean Winters, Miriam Shor, Reed Birney, Kevin Corrigan, Stan Carp",United States,"March 13, 2020",2020,R,95 min,"Desperate to find her missing daughter, a mother fights to uncover the truth — and helps expose a string of unsolved murders. Based on a true story.",8
4297,Movie,The Boys in the Band,"Jim Parsons, Zachary Quinto, Matt Bomer, Andrew Rannells, Charlie Carver, Robin de Jesús, Brian Hutchison, Michael Benjamin Washington, Tuc Watkins",United States,"September 30, 2020",2020,R,122 min,"At a birthday party in 1968 New York, a surprise guest and a drunken game leave seven gay friends reckoning with unspoken feelings and buried truths.",7
2679,Movie,Ma Rainey's Black Bottom,"Viola Davis, Chadwick Boseman, Glynn Turman, Colman Domingo, Michael Potts, Jonny Coyne, Taylour Paige, Jeremy Shamos, Dusan Brown, Joshua Harto",United States,"December 18, 2020",2020,R,94 min,"Tensions and temperatures rise at a Chicago music studio in 1927 when fiery, fearless blues singer Ma Rainey joins her band for a recording session.",3
2711,Movie,Making The Witcher,"Henry Cavill, Anya Chalotra, Freya Allan, Eamon Farren, Mimi Ndiweni, Adam Levy, MyAnna Buring, Joey Batey, Lauren Schmidt Hissrich, Tomasz Bagiński, Andrew Laws, Sneha Koorse, Declan De Barra, Beau DeMayo, Simon Emanuel, Iván Pohárnok, Tim Aslam, Charlotte Brändström",United States,"August 26, 2020",2020,TV-MA,33 min,"Journey into the extraordinary world of ""The Witcher"" — from casting the roles to Jaskier's catchy song — in this behind-the-scenes look at the series.",5
4289,Movie,The Boss Baby: Get That Baby!,"JP Karliak, Pierce Gagnon, Alex Cazares, Kevin Michael Richardson, Flula Borg, Rhys Darby, Wendie Malick, Jake Green",United States,"September 1, 2020",2020,TV-Y7,115 min,Think you've got what it takes to be the boss? This interactive special puts your skills to the test and matches you up with one of 16 jobs at Baby Corp.,4
2363,Movie,Kevin Hart: Zero F**ks Given,Kevin Hart,United States,"November 17, 2020",2020,TV-MA,70 min,"Kevin Hart serves up laughs and brick oven pizza from the comfort of his home, and dishes on male group chats, sex after 40 and life with COVID-19.",8
2646,Movie,"Love, Guaranteed","Rachael Leigh Cook, Damon Wayans Jr., Heather Graham, Caitlin Howden, Brendan Taylor, Sebastian Billingsley-Rodriguez, Sean Amsing, Lisa Durupt, Alvin Sanders, Jed Rees, Kandyse McClure",United States,"September 3, 2020",2020,TV-PG,91 min,Sparks fly when a crusading but cash-strapped attorney takes on a charming client looking to sue a dating site that guarantees its users will find love.,6
275,Movie,Airplane Mode,"Larissa Manoela, André Luiz Frambach, Erasmo Carlos, Mariana Amâncio, Amanda Orestes, Eike Duarte, Nayobe Nzainab, Katiuscia Canoro, Phellyx Moura, Dani Ornellas, Michel Bercovitch, Sílvia Lourenço",United States,"January 23, 2020",2020,TV-PG,97 min,"When Ana, an influencer, crashes her car while talking on the phone, she’s shipped to her grumpy grandfather's farm – and forced into a digital detox.",3
5087,Movie,Uncorked,"Mamoudou Athie, Courtney B. Vance, Niecy Nash, Sasha Compère, Bernard D. Jones, Gil Ozeri, Matt McGorry, Meera Rohit Kumbhani",United States,"March 27, 2020",2020,TV-MA,104 min,A young man feels torn between his dream of becoming a master sommelier and his father’s expectations that he’ll take over the family barbecue business.,2
364,Movie,American Pie 9: Girls' Rules,"Madison Pettis, Lizze Broadway, Piper Curda, Natasha Behnam, Darren Barnet, Sara Rue, Zachary Gordon, Camaron Engels, Christian Valderrama, Zayne Emory",United States,"October 6, 2020",2020,R,96 min,Four tight-knit high school seniors vow to turn their love lives around by homecoming when the arrival of a new student muddles their plans.,7
5228,Movie,Welcome to Sudden Death,"Michael Jai White, Michael Eklund, Sabryn Rock, Nakai Takawira, Lyric Justice, Sagine Semajuste, Gary Owen, Anthony Grant, Kristen Harris, BJ Verot, Sean Skene, Marrese Crump, Stephanie Sy, Jeff Strome, Adam Hurtig, Gillian White, Anthony J. Mifsud",United States,"September 29, 2020",2020,R,80 min,"At a basketball game, an ex-Special Forces officer must face a group of tech-savvy hostiles when a team owner and his daughter are taken hostage.",8
405,Movie,Angela's Christmas Wish,"Lucy O'Connell, Brendan Mullins, Ruth Negga, Lola Metcalfe, Jared Harris, Moe Dunford, Oscar Butler, Shona Hamill, Pat Kinevane, Janet Moran, Anya O'Connor",United States,"December 1, 2020",2020,TV-Y,48 min,"With her father working far away in Australia, a determined Angela makes a plan — and a heartfelt wish — to reunite her family in time for the holidays.",8
157,Movie,A Love Song for Latasha,,United States,"September 21, 2020",2020,TV-PG,20 min,The killing of Latasha Harlins became a flashpoint for the 1992 LA uprising. This documentary evocatively explores the 15-year-old's life and dreams.,8
5208,Movie,We Can Be Heroes,"YaYa Gosselin, Pedro Pascal, Priyanka Chopra, Isaiah Russell-Bailey, Akira Akbar, Christian Slater, Boyd Holbrook, Adriana Barraza, Taylor Dooley, Vivien Lyra Blair, Hala Finley, Lyon Daniels, Sung Kang, Christopher McDonald, Andy Walken, Lotus Blossom, Haley Reinhart, Nathan Blair, Dylan Henry Lau, Andrew Diaz",United States,"December 25, 2020",2020,PG,101 min,"When alien invaders capture Earth’s superheroes, their kids must learn to work together to save their parents — and the planet.",1
5081,Movie,Unbreakable Kimmy Schmidt: Kimmy vs. the Reverend,"Ellie Kemper, Jane Krakowski, Tituss Burgess, Carol Kane, Jon Hamm, Daniel Radcliffe, Lauren Adams, Sara Chase, Sol Miranda, Amy Sedaris, Mike Carlsen, Dylan Gelula, Chris Parnell, Heidi Gardner, Jack McBrayer, Zak Orth, Fred Armisen, Johnny Knoxville",United States,"May 12, 2020",2020,TV-14,190 min,"It's an interactive Kimmy special! Kimmy's getting married, but first she has to foil the Reverend's evil plot. It's your move: What should she do next?",8
308,Movie,Alien Xmas,"Keythe Farley, Dee Bradley Baker, Kaliayh Rhambo, Michelle Deco, Barbara Goodson",United States,"November 20, 2020",2020,TV-Y,42 min,"A young elf mistakes a tiny alien for a Christmas gift, not knowing her new plaything has plans to destroy Earth's gravity — and steal all the presents.",7
140,Movie,A Go! Go! Cory Carson Christmas,"Alan C. Lim, Taron C. Hensley, Maisie Benson, Kerry Gudjohnsen, Paul Killam, Smith Foreman, Ann Kendrick, Ella Joy Ballesteros, Neena-Sinaii Simpo, Eli Morse",United States,"November 27, 2020",2020,TV-Y,22 min,"When a familiar-looking stranger crashes in without a memory, Cory helps him remember the magic of Christmas to save the holiday for everyone.",4
131,Movie,A Fall from Grace,"Crystal Fox, Phylicia Rashad, Cicely Tyson, Bresha Webb, Mehcad Brooks, Adrian Pasdar, Tyler Perry",United States,"January 17, 2020",2020,TV-MA,121 min,"When gentle, law-abiding Grace confesses to killing her new husband, her skeptical young lawyer sets out to uncover the truth. A film by Tyler Perry.",1
322,Movie,All The Bright Places,"Elle Fanning, Justice Smith, Luke Wilson, Keegan-Michael Key, Alexandra Shipp, Lamar Johnson, Virginia Gardner, Kelli O'Hara, Felix Mallard, Sofia Hasmik",United States,"February 28, 2020",2020,TV-MA,109 min,Two teens facing personal struggles form a powerful bond as they embark on a cathartic journey chronicling the wonders of Indiana.,8
326,Movie,All Together Now,"Auli'i Cravalho, Justina Machado, Rhenzy Feliz, Fred Armisen, Carol Burnett, Judy Reyes, Taylor Richardson, C.S. Lee, Anthony Jacques",United States,"August 29, 2020",2020,PG,94 min,"An optimistic, talented teen clings to a huge secret: She's homeless and living on a bus. When tragedy strikes, can she learn to accept a helping hand?",1
5118,Movie,Uppity: The Willy T. Ribbs Story,Willy T. Ribbs,United States,"February 5, 2020",2020,TV-MA,106 min,"This documentary profiles a defiant driver who challenged racial barriers in American auto racing, becoming the first black man to race in the Indy 500.",1
622,Movie,Ben Platt Live from Radio City Music Hall,Ben Platt,United States,"May 20, 2020",2020,TV-PG,85 min,"Backed by a full band and a ready wit, actor Ben Platt opens up a very personal songbook onstage —numbers from his debut LP, ""Sing to Me Instead.”",6
164,Movie,A New York Christmas Wedding,"Nia Fairweather, Chris Noth, Cooper Koch, Tyra Ferrell, Denny Dillon, Adriana DeMeo, Otoja Abit, David Anzuelo, Camilla Harden, Natasha Goodman, Avery Whitted, Tony D. Head, Joe Perrino",United States,"November 5, 2020",2020,TV-MA,90 min,"As her wedding nears, a bride-to-be is visited by an angel who reveals what could have been if she'd followed feelings for her childhood best friend.",8
637,Movie,Bert Kreischer: Hey Big Boy,Bert Kreischer,United States,"March 17, 2020",2020,TV-MA,62 min,"Ever the stand-up party animal, comic Bert Kreischer riffs on parenting and family life, being a gun and pet owner, his dad discovering pot, and more.",6
5259,Movie,Wheels of Fortune,"Matt Jones, Noureen DeWulf, John Ducey, Matty Cardarople, Jeff Fahey, Christina Moore, Gabriel Tigerman, Ali Afshar, Tyler Jacob Moore, Jessica Serfaty",United States,"November 1, 2020",2020,R,107 min,"To claim a big inheritance, a down-on-his-luck mechanic must win a series of competitions as outlined in his birth father's will.",8
5355,Movie,You Are My Home,"Alyssa Milano, Angel Parker, Cristián de la Fuente, Eva Ariel Binder, Joel Steingold",United States,"December 4, 2020",2020,TV-PG,93 min,"After becoming separated from her family, a young girl finds herself in the care of a heartbroken woman who faces her own struggles.",2
262,Movie,After We Collided,"Josephine Langford, Hero Fiennes Tiffin, Dylan Sprouse, Selma Blair, Louise Lombard, Shane Paul McGhie, Candice King, Charlie Weber, Khadijha Red Thunder, Inanna Sarkis, Pia Mia, Samuel Larsen, Dylan Arnold, Karimah Westbrook, Rob Estes",United States,"December 22, 2020",2020,R,105 min,"Tessa fell hard and fast for Hardin, but after a betrayal tears them apart, she must decide whether to move on — or trust him with a second chance.",2
5317,Movie,Work It,"Sabrina Carpenter, Jordan Fisher, Liza Koshy, Keiynan Lonsdale, Michelle Buteau, Drew Ray Tanner",United States,"August 7, 2020",2020,TV-14,94 min,A brilliant but clumsy high school senior vows to get into her late father’s alma mater by transforming herself and a misfit squad into dance champions.,1
314,Movie,All Day and a Night,"Jeffrey Wright, Ashton Sanders, Regina Taylor, Yahya Abdul-Mateen II, Isaiah John, Kelly Jenrette, Shakira Ja-nai Paye",United States,"May 1, 2020",2020,R,122 min,"While serving life in prison, a young man looks back at the people, the circumstances and the system that set him on the path toward his crime.",3
723,Movie,BLACKPINK: Light Up the Sky,Blackpink,United States,"October 14, 2020",2020,TV-14,80 min,Record-shattering Korean girl band BLACKPINK tell their story — and detail the hard-fought journey of the dreams and trials behind their meteoric rise.,1
5349,Movie,"Yes, God, Yes","Natalia Dyer, Timothy Simons, Wolfgang Novogratz, Francesca Reale, Susan Blackwell, Alisha Boe, Donna Lynne Champlin, Parker Wierling",United States,"October 22, 2020",2020,R,78 min,"A devoutly religious teen grapples with her own sexual awakening, and attends a Catholic school retreat in the hopes of suppressing her newfound urges.",9
331,Movie,Almost Love,"Scott Evans, Augustus Prew, Kate Walsh, Michelle Buteau, Zoë Chao, Patricia Clarkson, Colin Donnell, Christopher Gray",United States,"August 2, 2020",2020,TV-MA,92 min,A close crew of striving New Yorkers experiences both joy and heartache in their romantic and professional lives.,4
445,Movie,"Ariana grande: excuse me, i love you",Ariana Grande,United States,"December 21, 2020",2020,TV-MA,98 min,Ariana Grande takes the stage in London for her Sweetener World Tour and shares a behind-the-scenes look at her life in rehearsal and on the road.,3
599,Movie,Becoming,Michelle Obama,United States,"May 6, 2020",2020,PG,89 min,"Join former first lady Michelle Obama in an intimate documentary looking at her life, hopes and connection with others as she tours with ""Becoming.""",9
542,Movie,Banana Split,"Hannah Marks, Liana Liberato, Dylan Sprouse, Luke Spencer Roberts, Jessica Hecht, Addison Riecke, Meagan Kimberly Smith, Haley Ramm",United States,"July 26, 2020",2020,TV-MA,84 min,"Despite leaving for college, a heartsick teen tries to build a new friendship with a kindred spirit even though she's dating her ex-boyfriend.",1
5239,Movie,WHAT DID JACK DO?,David Lynch,United States,"January 20, 2020",2020,TV-14,17 min,A detective interrogates a monkey who is suspected of murder.,8
118,Movie,A California Christmas,"Lauren Swickard, Josh Swickard, Ali Afshar, David Del Rio, Natalia Mann, Katelyn Epperly, Gunnar Anderson, Julie Lancaster, Amanda Detmer",United States,"December 14, 2020",2020,PG-13,107 min,"With his carefree lifestyle on the line, a wealthy charmer poses as a ranch hand to get a hardworking farmer to sell her family’s land before Christmas.",2
176,Movie,A Secret Love,,United States,"April 29, 2020",2020,TV-14,83 min,"Amid shifting times, two women kept their decades-long love a secret. But coming out later in life comes with its own set of challenges.",7
755,Movie,Bobbleheads The Movie,"Jennifer Coolidge, Karen Fukuhara, Khary Payton, Julian Sands, Brenda Song, Luke Wilson, Cher",United States,"December 8, 2020",2020,PG,83 min,A team of bobbleheads band together to defend their collector’s home when uninvited relatives barge in looking to steal from his prized collection.,7
468,Movie,Athlete A,,United States,"June 24, 2020",2020,PG-13,104 min,This documentary focuses on the gymnasts who survived USA Gymnastics doctor Larry Nassar's abuse and the reporters who exposed USAG's toxic culture.,8
363,Movie,American Murder: The Family Next Door,,United States,"September 30, 2020",2020,TV-MA,84 min,"Using raw, firsthand footage, this documentary examines the disappearance of Shanann Watts and her children, and the terrible events that followed.",7
482,Movie,Ava,"Jessica Chastain, Colin Farrell, John Malkovich, Common, Geena Davis, Jess Weixler, Diana Silvers, Joan Chen, Ioan Gruffudd",United States,"December 7, 2020",2020,R,97 min,An elite assassin wrestling with doubts about her work scrambles to protect herself — and her estranged family — after a hit goes dangerously wrong.,2
559,Movie,Barbie Princess Adventure,"America Young, Erica Lindbeck, Ritesh Rajan, Dave Fennoy, Stephanie Sheh, Cristina Milizia, Desirae Whitfield, Emma Galvin, Angelo Restaino, Eamon Brennan, Ogie Banks",United States,"September 1, 2020",2020,TV-Y,72 min,"Through music and magic, Barbie learns what it's like to be a modern princess when she trades places with a royal lookalike.",4
112,Movie,A Babysitter's Guide to Monster Hunting,"Tamara Smart, Oona Laurence, Tom Felton, Troy Leigh-Anne Johnson, Lynn Masako Cheng, Ty Consiglio, Ian Ho, Indya Moore, Alessio Scalzotto, Tamsen McDonough",United States,"October 15, 2020",2020,TV-PG,99 min,"Recruited by a secret society of babysitters, a high schooler battles the Boogeyman and his monsters when they nab the boy she's watching on Halloween.",5
5129,Movie,Vampires vs. the Bronx,"Jaden Michael, Gerald W. Jones III, Gregory Diaz IV, Sarah Gadon, Method Man, Shea Whigham, Coco Jones, The Kid Mero, Chris Redd, Vladimir Caamaño, Jeremie Harris, Adam David Thompson, Zoe Saldana",United States,"October 2, 2020",2020,PG-13,86 min,Three gutsy kids from a rapidly gentrifying Bronx neighborhood stumble upon a sinister plot to suck all the life from their beloved community.,9
